"month","year","date","mean_burden","max_burden","min_burden","scenario"
1,2012,"2012-01-01",126.195159457241,143.281456526098,113.617241613275,"to-present"
1,2013,"2013-01-01",135.748541816092,146.935676609215,125.074559299744,"to-present"
1,2014,"2014-01-01",139.732598623546,152.767342014135,130.593262886715,"to-present"
1,2015,"2015-01-01",123.508850579765,132.833818015048,110.523292927409,"to-present"
1,2016,"2016-01-01",145.741444763634,156.041872354442,135.26854159115,"to-present"
1,2017,"2017-01-01",155.713957555213,164.037320455041,148.187075579628,"to-present"
1,2018,"2018-01-01",101.919699697228,111.9691160828,86.0802101887737,"to-present"
1,2019,"2019-01-01",154.592343368812,173.029707140313,145.724169121593,"to-present"
1,2020,"2020-01-01",96.1222080771111,112.075170501227,83.5240385705386,"to-present"
2,2012,"2012-02-01",112.428616099544,118.806471062487,101.648361249414,"to-present"
2,2013,"2013-02-01",114.272891062993,124.768581498894,107.37536301831,"to-present"
2,2014,"2014-02-01",118.52113460079,128.660626308227,104.946788607608,"to-present"
2,2015,"2015-02-01",105.252287254241,117.652747679418,91.6578768694059,"to-present"
2,2016,"2016-02-01",120.605351862696,134.595609496711,111.099899850767,"to-present"
2,2017,"2017-02-01",124.975866209373,136.487598328239,117.170940303811,"to-present"
2,2018,"2018-02-01",82.5946474379846,90.186670127002,71.4602601738887,"to-present"
2,2019,"2019-02-01",125.328237457513,133.202902371086,116.854916788543,"to-present"
2,2020,"2020-02-01",69.7667616397951,82.8411620485659,59.3738731753715,"to-present"
3,2012,"2012-03-01",110.990375745586,123.504898566348,97.8642156456665,"to-present"
3,2013,"2013-03-01",114.76391702591,123.897327263761,101.868421676476,"to-present"
3,2014,"2014-03-01",116.293911917,129.211404251149,106.056736053593,"to-present"
3,2015,"2015-03-01",98.9285835507593,110.102266890768,85.7339864397594,"to-present"
3,2016,"2016-03-01",117.741522638235,126.920445305233,106.967473420989,"to-present"
3,2017,"2017-03-01",122.656920912831,137.372646937883,108.62750789528,"to-present"
3,2018,"2018-03-01",78.9701158400375,98.4689925082989,61.4255355615597,"to-present"
3,2019,"2019-03-01",120.756899125037,130.514487350899,107.491458456999,"to-present"
3,2020,"2020-03-01",63.2877117076057,74.3291675538176,48.119753245828,"to-present"
4,2012,"2012-04-01",129.720656940997,142.049086828899,117.806577172793,"to-present"
4,2013,"2013-04-01",133.542696339497,145.36304085178,118.457980232508,"to-present"
4,2014,"2014-04-01",135.671398330959,153.613987168258,123.132839986523,"to-present"
4,2015,"2015-04-01",125.571775338531,135.771034214375,103.383509274728,"to-present"
4,2016,"2016-04-01",143.08756512768,155.907396521875,126.414343812487,"to-present"
4,2017,"2017-04-01",145.992418702164,159.017624427035,126.59381354597,"to-present"
4,2018,"2018-04-01",115.787691054212,128.344376791415,96.2598294647789,"to-present"
4,2019,"2019-04-01",147.873701741909,160.10642928627,137.569883552013,"to-present"
4,2020,"2020-04-01",102.094263191355,123.192951055211,80.0430084921543,"to-present"
5,2012,"2012-05-01",130.850980284353,138.255286266801,119.347233805522,"to-present"
5,2013,"2013-05-01",135.914038697454,152.15951284066,123.281372995148,"to-present"
5,2014,"2014-05-01",140.884261860202,150.287665412966,127.343045919267,"to-present"
5,2015,"2015-05-01",127.996862848753,139.059379491963,108.46677696475,"to-present"
5,2016,"2016-05-01",131.225767653414,143.446223954265,112.009739296285,"to-present"
5,2017,"2017-05-01",122.565908609721,140.438178126518,108.945817216842,"to-present"
5,2018,"2018-05-01",98.3886739542384,126.432893653184,78.2801087274583,"to-present"
5,2019,"2019-05-01",121.765134330169,133.181291188678,99.999022844752,"to-present"
5,2020,"2020-05-01",85.0078614841554,98.9775817166638,69.6042684902856,"to-present"
6,2012,"2012-06-01",132.214557335102,142.74885740953,123.453854507225,"to-present"
6,2013,"2013-06-01",138.545447131744,151.958776895698,124.85032604686,"to-present"
6,2014,"2014-06-01",142.269672288101,149.659568260665,130.478794864148,"to-present"
6,2015,"2015-06-01",135.106926005405,146.868892361867,122.281216944613,"to-present"
6,2016,"2016-06-01",120.161313328357,130.425592313607,108.682811003024,"to-present"
6,2017,"2017-06-01",101.556098693115,114.320582569934,88.608841309497,"to-present"
6,2018,"2018-06-01",91.2907260727959,106.823725285834,70.7939913983544,"to-present"
6,2019,"2019-06-01",93.9668065064751,112.323761549541,77.3528528275426,"to-present"
6,2020,"2020-06-01",81.0235812283041,95.7210457100426,63.6211528234616,"to-present"
7,2012,"2012-07-01",109.882238523559,124.977769844294,100.643962718177,"to-present"
7,2013,"2013-07-01",112.255747234958,124.196574390042,92.3615067129375,"to-present"
7,2014,"2014-07-01",115.534062011023,124.859563697322,103.75117852593,"to-present"
7,2015,"2015-07-01",106.311542244699,119.338078405281,95.8759672433959,"to-present"
7,2016,"2016-07-01",95.333799926944,108.754938658783,80.5399775224399,"to-present"
7,2017,"2017-07-01",80.274939885485,97.0800889093623,68.0620477085005,"to-present"
7,2018,"2018-07-01",70.0828637249126,84.0906350542252,57.2463707318549,"to-present"
7,2019,"2019-07-01",73.0607397910288,84.233921013117,61.0550802354097,"to-present"
7,2020,"2020-07-01",57.9579566213479,70.273242381628,45.7612870816347,"to-present"
8,2012,"2012-08-01",94.0006743623643,107.635763513228,76.8630102954999,"to-present"
8,2013,"2013-08-01",97.2011052664578,105.510774035957,85.210037713573,"to-present"
8,2014,"2014-08-01",82.5473350391422,91.9785547722237,68.0627191578405,"to-present"
8,2015,"2015-08-01",88.8074942579033,100.956539051461,75.4281948052639,"to-present"
8,2016,"2016-08-01",80.840283772785,90.0758008263535,67.0183529884556,"to-present"
8,2017,"2017-08-01",72.0987713898768,92.142962153642,59.478576045418,"to-present"
8,2018,"2018-08-01",59.5347613282077,74.5619152175789,42.5619297274886,"to-present"
8,2019,"2019-08-01",58.6847040565149,75.3209580097206,44.4679408617142,"to-present"
8,2020,"2020-08-01",49.3208711700654,60.9572155643762,33.3290321648773,"to-present"
9,2012,"2012-09-01",119.020350602113,133.409615364941,106.148452494626,"to-present"
9,2013,"2013-09-01",121.020853882399,129.739060093504,102.333973954225,"to-present"
9,2014,"2014-09-01",89.9119171833209,104.241703707899,77.4696754758885,"to-present"
9,2015,"2015-09-01",119.19536913839,141.603957519619,96.7354314684442,"to-present"
9,2016,"2016-09-01",119.041837471998,132.084419167782,95.8961569000853,"to-present"
9,2017,"2017-09-01",109.571715361477,132.704696458557,86.4246555411185,"to-present"
9,2018,"2018-09-01",96.8376957886116,117.06563850373,74.6051024123227,"to-present"
9,2019,"2019-09-01",98.9990211080664,122.523723585886,81.1190363834061,"to-present"
9,2020,"2020-09-01",83.2940377455625,103.330424255504,62.0112708404864,"to-present"
10,2012,"2012-10-01",165.878012225586,175.99463132254,152.982398713266,"to-present"
10,2013,"2013-10-01",168.648198430205,183.34973783301,153.435490965061,"to-present"
10,2014,"2014-10-01",142.229730429016,162.987160710246,128.620448234778,"to-present"
10,2015,"2015-10-01",171.319429569328,190.08011851977,155.37858825743,"to-present"
10,2016,"2016-10-01",177.520593214946,194.047008770203,153.628654353944,"to-present"
10,2017,"2017-10-01",158.249821962637,177.829195785951,129.874678155443,"to-present"
10,2018,"2018-10-01",160.706219810204,187.912514551145,123.183440710315,"to-present"
10,2019,"2019-10-01",161.63613764994,184.22844644107,120.910287297437,"to-present"
10,2020,"2020-10-01",139.090613609557,162.675627768771,105.953523565004,"to-present"
11,2012,"2012-11-01",140.585458319216,150.728739023012,125.598255258077,"to-present"
11,2013,"2013-11-01",148.357069964803,159.412600325003,136.623364322435,"to-present"
11,2014,"2014-11-01",127.149034190879,140.625596182475,115.132428572299,"to-present"
11,2015,"2015-11-01",155.774714684536,166.624126310003,144.108710631087,"to-present"
11,2016,"2016-11-01",160.587085638931,172.630268630038,151.277392376367,"to-present"
11,2017,"2017-11-01",127.819574678982,142.722836206506,112.379758202246,"to-present"
11,2018,"2018-11-01",158.122197419489,176.409055445986,134.96047228905,"to-present"
11,2019,"2019-11-01",158.542648818228,177.326850445759,125.231249924816,"to-present"
11,2020,"2020-11-01",141.772378717643,159.22208374228,110.656854524973,"to-present"
12,2012,"2012-12-01",129.704154822095,139.78391254942,115.65592436398,"to-present"
12,2013,"2013-12-01",136.45061430338,145.545286585773,128.226022081467,"to-present"
12,2014,"2014-12-01",119.020466483403,134.67972771684,107.537664992022,"to-present"
12,2015,"2015-12-01",139.822292520444,150.277987137037,129.440404060761,"to-present"
12,2016,"2016-12-01",148.577661703638,158.485894760704,134.430598323898,"to-present"
12,2017,"2017-12-01",103.383458967225,116.312483393759,93.3722781414406,"to-present"
12,2018,"2018-12-01",149.39923445061,159.970251012497,139.814310334213,"to-present"
12,2019,"2019-12-01",113.157599762593,122.615521213755,99.4444197031984,"to-present"
12,2020,"2020-12-01",136.493239804206,156.096502955958,124.418256527818,"to-present"
1,2021,"2021-01-01",143.687791933717,159.710304846399,128.809826164909,"BAU"
1,2022,"2022-01-01",158.388156864494,167.673434934924,144.712147494689,"BAU"
1,2023,"2023-01-01",140.758943520468,155.282226641699,128.935901046358,"BAU"
1,2024,"2024-01-01",162.602369887981,175.937565880719,145.271123842015,"BAU"
1,2025,"2025-01-01",166.261124819752,176.762908105575,156.681799945658,"BAU"
1,2026,"2026-01-01",141.175270810263,148.565443787447,132.531862571627,"BAU"
1,2027,"2027-01-01",165.238579142933,178.550385108702,155.788182157065,"BAU"
1,2028,"2028-01-01",169.597955997127,186.256572215341,158.291203912259,"BAU"
1,2029,"2029-01-01",144.355476023419,156.51117706057,125.801310370728,"BAU"
1,2030,"2030-01-01",165.898401433734,179.893755928681,157.509466837736,"BAU"
2,2021,"2021-02-01",80.926554981852,94.9040520896976,69.3842496656479,"BAU"
2,2022,"2022-02-01",90.4437450680324,101.353114916048,80.4170649045908,"BAU"
2,2023,"2023-02-01",81.450120987344,91.9951262333386,68.0947243484954,"BAU"
2,2024,"2024-02-01",91.9617120200075,106.5818059536,83.3186374390745,"BAU"
2,2025,"2025-02-01",93.482986946464,107.752501910296,82.5022599589147,"BAU"
2,2026,"2026-02-01",83.6158646734192,99.846206791198,70.0272278160083,"BAU"
2,2027,"2027-02-01",94.6433070064576,104.585571910357,85.9851074364946,"BAU"
2,2028,"2028-02-01",96.5320738735306,115.140741147594,84.239834760309,"BAU"
2,2029,"2029-02-01",84.845243334029,97.3729405904179,74.8673546957627,"BAU"
2,2030,"2030-02-01",94.7263376772374,107.7046772486,80.5063406152024,"BAU"
3,2021,"2021-03-01",72.5026854629327,94.0445994179396,56.7041988282883,"BAU"
3,2022,"2022-03-01",78.4236696518026,91.2297769652975,64.3068436598446,"BAU"
3,2023,"2023-03-01",70.1940963978959,91.6708939648165,57.0846869851786,"BAU"
3,2024,"2024-03-01",79.0425524493621,96.6513349294063,64.4602421913052,"BAU"
3,2025,"2025-03-01",82.5795200441255,95.9132749282296,69.5227611758966,"BAU"
3,2026,"2026-03-01",72.5940339694992,89.7145943419571,58.1287735038421,"BAU"
3,2027,"2027-03-01",83.3015015903601,97.5875984780333,69.0700771864054,"BAU"
3,2028,"2028-03-01",83.3137168714013,98.0783680787408,69.8569988282849,"BAU"
3,2029,"2029-03-01",73.7851436601909,93.0425937736023,55.5676486065181,"BAU"
3,2030,"2030-03-01",84.0998066086874,106.790273543401,70.5551284449515,"BAU"
4,2021,"2021-04-01",111.885509883862,132.17049767202,93.7945476792806,"BAU"
4,2022,"2022-04-01",121.009210196965,138.446277051063,105.093583337076,"BAU"
4,2023,"2023-04-01",112.002705618386,130.30823333135,90.2116031863985,"BAU"
4,2024,"2024-04-01",120.690908226572,136.759801781568,106.820203573782,"BAU"
4,2025,"2025-04-01",128.357335996016,147.012761201276,105.416615804973,"BAU"
4,2026,"2026-04-01",115.486176738136,127.541926579962,101.190317413795,"BAU"
4,2027,"2027-04-01",128.94569560753,142.653457110138,110.347331863283,"BAU"
4,2028,"2028-04-01",129.559707919749,144.827216799785,107.181478343759,"BAU"
4,2029,"2029-04-01",115.38629887891,132.101303977443,100.213526237414,"BAU"
4,2030,"2030-04-01",126.701354977923,146.579688094262,106.828286137413,"BAU"
5,2021,"2021-05-01",117.155819870479,136.148759424699,98.582624541863,"BAU"
5,2022,"2022-05-01",128.134122321806,142.988144568162,103.644253559942,"BAU"
5,2023,"2023-05-01",110.823277079644,126.784215638888,87.979882603614,"BAU"
5,2024,"2024-05-01",130.680528814336,148.600850581439,109.166877364214,"BAU"
5,2025,"2025-05-01",133.605652508532,151.292337588568,110.661352955519,"BAU"
5,2026,"2026-05-01",116.197192276976,132.080467123735,97.0556233352218,"BAU"
5,2027,"2027-05-01",131.703432974113,142.298032149073,114.012639141577,"BAU"
5,2028,"2028-05-01",136.630098233448,154.728830227602,116.409633560593,"BAU"
5,2029,"2029-05-01",117.829457201188,136.536004875106,103.226415238097,"BAU"
5,2030,"2030-05-01",134.493235137043,146.120218462205,117.364280637426,"BAU"
6,2021,"2021-06-01",135.95996779119,154.141446245367,121.263317065024,"BAU"
6,2022,"2022-06-01",145.680958971831,160.007528835011,132.783262721815,"BAU"
6,2023,"2023-06-01",135.70267712976,150.701267766187,115.650912323495,"BAU"
6,2024,"2024-06-01",150.461472625469,159.517916030001,136.297513921522,"BAU"
6,2025,"2025-06-01",152.76737396908,165.5847332049,137.733486836288,"BAU"
6,2026,"2026-06-01",139.830477979796,154.066728191238,123.556821553449,"BAU"
6,2027,"2027-06-01",153.454845577804,168.076877014563,143.6458714881,"BAU"
6,2028,"2028-06-01",156.988107559827,172.845242853632,144.956808924625,"BAU"
6,2029,"2029-06-01",141.139538525758,158.369615965224,119.359720559496,"BAU"
6,2030,"2030-06-01",153.900725765326,170.787524507555,142.435724509492,"BAU"
7,2021,"2021-07-01",100.238338590585,117.551871539718,85.413505487858,"BAU"
7,2022,"2022-07-01",112.272186714734,126.159069521878,99.4670132418041,"BAU"
7,2023,"2023-07-01",98.3964544124908,112.535772738869,78.5286214618221,"BAU"
7,2024,"2024-07-01",110.909334656871,130.281949216009,95.2399509807524,"BAU"
7,2025,"2025-07-01",116.442249826444,123.037700167109,108.118273590206,"BAU"
7,2026,"2026-07-01",101.132131600624,116.091448463007,90.0020116103165,"BAU"
7,2027,"2027-07-01",115.052670025849,129.994341667709,102.995816359763,"BAU"
7,2028,"2028-07-01",117.34789652007,134.161182714815,99.673095127643,"BAU"
7,2029,"2029-07-01",102.638730010835,119.839602044125,87.428352187095,"BAU"
7,2030,"2030-07-01",114.888072110086,133.701926785197,103.607934691838,"BAU"
8,2021,"2021-08-01",91.8963380322813,107.944815162148,78.5548862050457,"BAU"
8,2022,"2022-08-01",97.7869069871155,111.42736982161,81.308300383319,"BAU"
8,2023,"2023-08-01",84.7958670100677,95.6525408480756,66.5748922673678,"BAU"
8,2024,"2024-08-01",99.1467825321276,112.838055143038,88.0954876728566,"BAU"
8,2025,"2025-08-01",102.248306038553,118.650005673285,87.0865545517458,"BAU"
8,2026,"2026-08-01",88.2371992362523,103.15049404941,75.9974293331945,"BAU"
8,2027,"2027-08-01",100.143742416423,116.934357821831,81.332847700776,"BAU"
8,2028,"2028-08-01",102.970908441405,115.207348424817,83.8116893682687,"BAU"
8,2029,"2029-08-01",90.2447484286175,104.800850062976,73.7339215077533,"BAU"
8,2030,"2030-08-01",101.798718776103,113.96082235606,86.2356564129285,"BAU"
9,2021,"2021-09-01",126.703804260908,147.185890273189,103.981498696685,"BAU"
9,2022,"2022-09-01",136.692744077515,149.570294403899,118.787052889502,"BAU"
9,2023,"2023-09-01",123.288573672726,138.550474748919,100.748108598098,"BAU"
9,2024,"2024-09-01",138.348166470189,159.799654956762,123.942172631602,"BAU"
9,2025,"2025-09-01",141.698297198379,150.553841082999,129.742435843773,"BAU"
9,2026,"2026-09-01",128.824422251237,147.990556238983,107.269776442221,"BAU"
9,2027,"2027-09-01",141.411680210164,155.648733204995,125.798300596611,"BAU"
9,2028,"2028-09-01",142.575733682293,162.631353257294,127.839118821472,"BAU"
9,2029,"2029-09-01",130.3139099883,144.528559795563,107.815471465859,"BAU"
9,2030,"2030-09-01",141.302892251071,157.173132096196,127.230359838384,"BAU"
10,2021,"2021-10-01",193.016412321196,213.170375413951,173.176530455155,"BAU"
10,2022,"2022-10-01",200.018855900953,219.547229077294,184.917437768894,"BAU"
10,2023,"2023-10-01",193.284497958999,217.311912618403,179.179261476948,"BAU"
10,2024,"2024-10-01",206.863088683606,223.891654547771,189.751037257488,"BAU"
10,2025,"2025-10-01",207.999569613345,224.342449326789,195.06020060292,"BAU"
10,2026,"2026-10-01",198.523102858274,220.171287672752,178.250865813493,"BAU"
10,2027,"2027-10-01",210.589969077891,225.627084638744,196.036465651068,"BAU"
10,2028,"2028-10-01",213.6328555375,229.528534226785,200.603799198355,"BAU"
10,2029,"2029-10-01",202.642740260189,225.057392069617,184.143264693917,"BAU"
10,2030,"2030-10-01",213.073127934092,228.174830155239,198.377874567877,"BAU"
11,2021,"2021-11-01",175.692391110179,189.977383828028,165.375577467172,"BAU"
11,2022,"2022-11-01",164.617888584604,177.926685125123,151.326304594998,"BAU"
11,2023,"2023-11-01",176.955073663911,183.692946944455,165.351333207499,"BAU"
11,2024,"2024-11-01",183.168605687565,197.889552430742,174.530826685122,"BAU"
11,2025,"2025-11-01",169.311637453848,178.964576381981,154.432682299913,"BAU"
11,2026,"2026-11-01",182.087451425272,205.333090692643,166.637449891412,"BAU"
11,2027,"2027-11-01",188.379329386076,201.62934384354,177.75650845721,"BAU"
11,2028,"2028-11-01",173.114981832484,185.042654924806,163.006556773588,"BAU"
11,2029,"2029-11-01",183.046180101809,195.115061209369,169.751194789624,"BAU"
11,2030,"2030-11-01",188.815401019279,203.912277300522,173.77978429491,"BAU"
12,2021,"2021-12-01",162.896004875262,178.96641304905,150.163961009422,"BAU"
12,2022,"2022-12-01",136.639504104559,146.646405770378,121.392331781703,"BAU"
12,2023,"2023-12-01",163.095167419641,173.670006356126,153.495856288409,"BAU"
12,2024,"2024-12-01",168.494721106372,185.688717532159,159.104242394334,"BAU"
12,2025,"2025-12-01",140.800526360441,160.698074081918,127.415826009937,"BAU"
12,2026,"2026-12-01",167.618906115298,180.203992210923,157.932701851299,"BAU"
12,2027,"2027-12-01",172.024301458421,185.374868444207,154.376419126097,"BAU"
12,2028,"2028-12-01",143.769158817916,158.408583709506,130.840797551912,"BAU"
12,2029,"2029-12-01",169.157367835163,182.608159826912,156.704154923731,"BAU"
12,2030,"2030-12-01",172.738550348795,183.280742243239,164.426052702678,"BAU"
1,2021,"2021-01-01",142.315883730346,161.702585624297,127.574275976186,"GF"
1,2022,"2022-01-01",163.330951872718,175.628409187348,152.22896684852,"GF"
1,2023,"2023-01-01",166.372299906458,183.555830562491,153.031559863477,"GF"
1,2024,"2024-01-01",167.559902392022,180.036793210635,148.407097778297,"GF"
1,2025,"2025-01-01",171.295888786904,183.305524557716,160.611022319559,"GF"
1,2026,"2026-01-01",171.499552123255,184.787264958737,156.482595407451,"GF"
1,2027,"2027-01-01",170.77146240284,179.293587598365,163.382842753973,"GF"
1,2028,"2028-01-01",173.061231197641,186.115778605442,155.596555092751,"GF"
1,2029,"2029-01-01",172.110750425201,189.549612744263,151.973294909068,"GF"
1,2030,"2030-01-01",172.331848396561,185.174739847708,155.525079493669,"GF"
2,2021,"2021-02-01",83.3232013461463,99.3312168660549,71.723498868316,"GF"
2,2022,"2022-02-01",90.4831205713041,99.7585582012023,80.9926288735596,"GF"
2,2023,"2023-02-01",95.6178633163878,110.424742558652,81.0573216101546,"GF"
2,2024,"2024-02-01",95.4324592659709,108.841859570647,83.7706805906658,"GF"
2,2025,"2025-02-01",94.6716479205113,110.105054124683,83.6054893730522,"GF"
2,2026,"2026-02-01",94.4833399736192,105.099880102423,82.0201967174105,"GF"
2,2027,"2027-02-01",93.742650491112,110.417790890457,83.8138240861338,"GF"
2,2028,"2028-02-01",92.9245568339521,120.233345873177,82.1746927357496,"GF"
2,2029,"2029-02-01",93.863564607881,109.378472245221,82.3398694177847,"GF"
2,2030,"2030-02-01",93.8796623227402,106.21417932437,77.0138580121836,"GF"
3,2021,"2021-03-01",74.4705741592517,89.5414427267345,64.0087517466345,"GF"
3,2022,"2022-03-01",79.7167908254448,96.5917996525661,66.2631956111011,"GF"
3,2023,"2023-03-01",79.9849336035632,92.4010616891378,67.4396049472686,"GF"
3,2024,"2024-03-01",80.9769879214214,97.177933451318,64.8014620635298,"GF"
3,2025,"2025-03-01",81.0209518196889,98.9686056759848,67.7777002081676,"GF"
3,2026,"2026-03-01",81.4496968530949,102.156312635363,67.6487575062338,"GF"
3,2027,"2027-03-01",82.783050656729,95.0598996384401,67.9561147666498,"GF"
3,2028,"2028-03-01",81.627909978181,97.1677612987677,66.9883906293536,"GF"
3,2029,"2029-03-01",81.7608137751711,98.9940895469004,65.4465886295598,"GF"
3,2030,"2030-03-01",81.6839398190292,96.5835964408186,68.6523867120783,"GF"
4,2021,"2021-04-01",114.359176782025,129.281120514585,89.6725373998536,"GF"
4,2022,"2022-04-01",120.729648038095,139.115470040277,104.114011102633,"GF"
4,2023,"2023-04-01",124.430603044577,136.481097636931,100.584969842847,"GF"
4,2024,"2024-04-01",125.321971892166,141.424917623374,109.449125321693,"GF"
4,2025,"2025-04-01",125.307204154096,150.19270691216,111.156621007698,"GF"
4,2026,"2026-04-01",123.022742937524,137.028329984045,101.313534983207,"GF"
4,2027,"2027-04-01",124.709028984468,144.646376183407,102.892126409334,"GF"
4,2028,"2028-04-01",124.87876103058,146.217141047957,112.095869295539,"GF"
4,2029,"2029-04-01",124.149465075494,143.843024798774,103.59694785765,"GF"
4,2030,"2030-04-01",123.826506105502,142.540126290538,105.548001059065,"GF"
5,2021,"2021-05-01",117.448395818039,138.606575197469,95.3593944518394,"GF"
5,2022,"2022-05-01",126.64946320729,148.181131983955,101.90583468529,"GF"
5,2023,"2023-05-01",129.5130967532,147.287672666948,112.604590173931,"GF"
5,2024,"2024-05-01",130.502018013216,146.577384744547,111.665979387422,"GF"
5,2025,"2025-05-01",131.428136102167,145.291180385998,112.956794356059,"GF"
5,2026,"2026-05-01",136.993746662949,160.286885810621,113.796333028195,"GF"
5,2027,"2027-05-01",133.455298351174,149.218233147925,111.548041775878,"GF"
5,2028,"2028-05-01",134.319014667019,151.655729278236,115.748187753586,"GF"
5,2029,"2029-05-01",133.042896576316,148.143710746113,111.502840461321,"GF"
5,2030,"2030-05-01",136.266941297408,150.715838208175,119.174642404409,"GF"
6,2021,"2021-06-01",134.218510778646,154.133903230106,117.730546356044,"GF"
6,2022,"2022-06-01",147.779169089177,159.120466312821,126.97874612186,"GF"
6,2023,"2023-06-01",148.82085337402,165.899141573342,134.453735283618,"GF"
6,2024,"2024-06-01",152.931508866404,168.878077929706,139.15079668154,"GF"
6,2025,"2025-06-01",152.84175772666,170.587717972634,138.662381691169,"GF"
6,2026,"2026-06-01",153.22442062214,167.85633758505,135.464349346629,"GF"
6,2027,"2027-06-01",152.088604632604,172.086341016166,136.743118130212,"GF"
6,2028,"2028-06-01",153.491247038645,166.311599375297,137.925026461111,"GF"
6,2029,"2029-06-01",154.708149627765,173.322474165204,143.37087945611,"GF"
6,2030,"2030-06-01",154.416352903313,168.573390300239,139.307558245844,"GF"
7,2021,"2021-07-01",102.640394588113,117.911502852857,88.2659848341553,"GF"
7,2022,"2022-07-01",111.943633022936,126.900548963335,93.9503261617135,"GF"
7,2023,"2023-07-01",115.71475385932,130.940670033037,101.650253752215,"GF"
7,2024,"2024-07-01",117.039959546531,134.353713773436,103.811253099477,"GF"
7,2025,"2025-07-01",116.901462753423,130.75101456296,99.2358915728784,"GF"
7,2026,"2026-07-01",116.243769333368,130.141093067425,99.5095758522038,"GF"
7,2027,"2027-07-01",119.087436768768,135.03025095504,104.597104878668,"GF"
7,2028,"2028-07-01",119.898294334983,134.588070569987,105.082934872045,"GF"
7,2029,"2029-07-01",119.15830321884,134.807461965719,100.869668259379,"GF"
7,2030,"2030-07-01",118.113368189268,132.080989221651,109.154777091931,"GF"
8,2021,"2021-08-01",90.3759606658371,104.562609193219,75.4118692429897,"GF"
8,2022,"2022-08-01",98.2192161785167,114.464852153922,81.6949977484332,"GF"
8,2023,"2023-08-01",100.46620701785,114.298263368866,86.0831404733062,"GF"
8,2024,"2024-08-01",100.443508787907,114.091850761482,89.3286222195824,"GF"
8,2025,"2025-08-01",100.391251469831,120.54633105599,86.3087638088737,"GF"
8,2026,"2026-08-01",103.736154265458,122.53752519726,91.0622848154545,"GF"
8,2027,"2027-08-01",102.156353367833,115.550786740304,81.7444193433268,"GF"
8,2028,"2028-08-01",102.824379484826,124.584090486577,91.8868933206299,"GF"
8,2029,"2029-08-01",103.483436542434,115.680505362993,91.550064201495,"GF"
8,2030,"2030-08-01",102.770877462601,120.256533162396,84.454703818594,"GF"
9,2021,"2021-09-01",129.551145346621,143.974488933596,113.494477819471,"GF"
9,2022,"2022-09-01",134.900810674753,152.837701191056,118.078974670703,"GF"
9,2023,"2023-09-01",139.927781660134,157.873342611013,113.478446184808,"GF"
9,2024,"2024-09-01",141.63732152887,154.965924328484,120.547467973567,"GF"
9,2025,"2025-09-01",141.409576091066,156.742976789557,123.820778354788,"GF"
9,2026,"2026-09-01",141.473525063044,161.688492362027,124.406679644758,"GF"
9,2027,"2027-09-01",141.449708612342,159.900064868089,128.568045652314,"GF"
9,2028,"2028-09-01",143.979690035123,157.142052056977,128.668917291842,"GF"
9,2029,"2029-09-01",143.117964674339,168.216117719573,124.976362251244,"GF"
9,2030,"2030-09-01",140.815364538983,151.658138023617,121.561302212626,"GF"
10,2021,"2021-10-01",196.536306109238,225.205899225304,180.177872318074,"GF"
10,2022,"2022-10-01",202.897585814118,224.256730061711,182.350990713884,"GF"
10,2023,"2023-10-01",207.114213183398,219.458991814548,194.841707951958,"GF"
10,2024,"2024-10-01",208.035023332777,226.110834252385,189.403780599233,"GF"
10,2025,"2025-10-01",208.474362918059,225.756094609637,185.103388475624,"GF"
10,2026,"2026-10-01",210.755129755993,225.381672555925,196.684619461828,"GF"
10,2027,"2027-10-01",212.375103909355,229.90546204613,195.114992432336,"GF"
10,2028,"2028-10-01",210.253057758888,225.185565805764,192.85228424134,"GF"
10,2029,"2029-10-01",212.869860352446,228.207551444391,196.425218853899,"GF"
10,2030,"2030-10-01",212.605228369643,228.420442071622,192.512768497949,"GF"
11,2021,"2021-11-01",178.61822592848,191.882723139217,164.070531529484,"GF"
11,2022,"2022-11-01",182.537849367641,197.074291033664,164.974111934982,"GF"
11,2023,"2023-11-01",187.575568724298,202.365647437502,173.505478340074,"GF"
11,2024,"2024-11-01",188.784205508188,201.59836739127,171.358964292555,"GF"
11,2025,"2025-11-01",189.022521639937,202.586223196235,170.174440203626,"GF"
11,2026,"2026-11-01",189.484638369793,199.630061203754,173.80717594478,"GF"
11,2027,"2027-11-01",191.729690344777,207.828515912928,176.626408597826,"GF"
11,2028,"2028-11-01",191.693366437602,204.503208468859,174.800739138289,"GF"
11,2029,"2029-11-01",190.681667546055,208.843960365595,176.51987873812,"GF"
11,2030,"2030-11-01",189.818378896367,203.127717823225,173.258828052309,"GF"
12,2021,"2021-12-01",166.477836249325,179.896551418845,153.551703126089,"GF"
12,2022,"2022-12-01",170.010914969792,181.979619166344,156.099902430878,"GF"
12,2023,"2023-12-01",173.744225363555,191.53714916772,161.131290320432,"GF"
12,2024,"2024-12-01",173.060078859978,187.320471868427,160.050011742509,"GF"
12,2025,"2025-12-01",171.167796476378,194.859280903823,161.282713540595,"GF"
12,2026,"2026-12-01",174.140460836953,196.058103039331,165.28749791676,"GF"
12,2027,"2027-12-01",171.73194464066,192.914387018132,161.784747133249,"GF"
12,2028,"2028-12-01",176.076501696098,189.237876674198,159.88489318922,"GF"
12,2029,"2029-12-01",177.023244583481,195.628614069922,155.951382815625,"GF"
12,2030,"2030-12-01",175.203801884307,188.028002995664,162.872730574271,"GF"
1,2021,"2021-01-01",142.179636986972,161.652356302718,125.347736760126,"GF with PBO"
1,2022,"2022-01-01",161.990119818121,174.527838589843,147.218146081094,"GF with PBO"
1,2023,"2023-01-01",166.624347300419,175.792942947292,150.414107804631,"GF with PBO"
1,2024,"2024-01-01",167.598509614313,180.397000098144,155.919399180745,"GF with PBO"
1,2025,"2025-01-01",168.563639738237,185.210084246256,159.633432694962,"GF with PBO"
1,2026,"2026-01-01",168.001683885786,181.779982572848,150.446569884517,"GF with PBO"
1,2027,"2027-01-01",168.992243604926,180.96637919191,157.002498963626,"GF with PBO"
1,2028,"2028-01-01",172.105765720939,192.960794675083,161.457217701226,"GF with PBO"
1,2029,"2029-01-01",171.431937533878,180.350857974119,154.771211442505,"GF with PBO"
1,2030,"2030-01-01",171.127857638029,188.715140904949,157.45231673082,"GF with PBO"
2,2021,"2021-02-01",82.4974264401989,94.5675346520705,70.837331243239,"GF with PBO"
2,2022,"2022-02-01",90.3871144900017,104.33667910199,77.7768981794393,"GF with PBO"
2,2023,"2023-02-01",92.8015785095476,105.179776507575,80.7105200594406,"GF with PBO"
2,2024,"2024-02-01",91.5460708643111,105.380210039236,76.7417207633119,"GF with PBO"
2,2025,"2025-02-01",93.2438118598454,106.807203543838,81.0221308453359,"GF with PBO"
2,2026,"2026-02-01",93.9140917180254,107.280524648445,82.3151605943095,"GF with PBO"
2,2027,"2027-02-01",92.5983006643726,102.024590310385,83.2179160640155,"GF with PBO"
2,2028,"2028-02-01",93.1028839127776,102.525810307554,82.0401221914281,"GF with PBO"
2,2029,"2029-02-01",94.2002966675561,111.695695821538,81.7067134175733,"GF with PBO"
2,2030,"2030-02-01",93.036830160589,111.501824110689,81.9872327088104,"GF with PBO"
3,2021,"2021-03-01",73.5191707968078,93.9298791528834,61.2255670329522,"GF with PBO"
3,2022,"2022-03-01",79.4554518039343,93.2699679140455,64.9593728586818,"GF with PBO"
3,2023,"2023-03-01",79.5318113554201,98.5847133460825,67.1768589863674,"GF with PBO"
3,2024,"2024-03-01",77.9942860571046,93.3448401749297,64.3148343026757,"GF with PBO"
3,2025,"2025-03-01",80.3668331079711,99.5613371417943,64.0252912847237,"GF with PBO"
3,2026,"2026-03-01",81.3407776361339,97.5067670132655,68.9439349036987,"GF with PBO"
3,2027,"2027-03-01",82.0532016141146,94.8041646089895,70.8657673950997,"GF with PBO"
3,2028,"2028-03-01",81.6836220549738,95.0117488608444,68.2626371931117,"GF with PBO"
3,2029,"2029-03-01",81.0406306940656,97.0031122512934,68.0058869388634,"GF with PBO"
3,2030,"2030-03-01",81.8327715322022,91.3399654586606,71.4998882717303,"GF with PBO"
4,2021,"2021-04-01",112.193363422307,130.737427569572,89.1850929555031,"GF with PBO"
4,2022,"2022-04-01",118.349649959242,134.210455704605,95.1979366716011,"GF with PBO"
4,2023,"2023-04-01",120.514479438534,143.763996606608,100.438734121293,"GF with PBO"
4,2024,"2024-04-01",122.923034909412,134.003829991842,96.4100376823028,"GF with PBO"
4,2025,"2025-04-01",121.776110941943,138.515414110293,103.523023847243,"GF with PBO"
4,2026,"2026-04-01",122.370803511795,143.00972935177,105.000411546805,"GF with PBO"
4,2027,"2027-04-01",126.680787882729,137.204328321055,116.295736411928,"GF with PBO"
4,2028,"2028-04-01",125.471207308823,145.42776673558,104.918058427885,"GF with PBO"
4,2029,"2029-04-01",124.578794364127,141.322842438182,101.227658675991,"GF with PBO"
4,2030,"2030-04-01",125.994130477404,142.825620080666,107.443931848887,"GF with PBO"
5,2021,"2021-05-01",116.604851013829,134.302565712555,96.145463741188,"GF with PBO"
5,2022,"2022-05-01",126.014797994485,147.668939699003,103.868654415509,"GF with PBO"
5,2023,"2023-05-01",128.536656318691,147.642412896291,106.149737148881,"GF with PBO"
5,2024,"2024-05-01",129.139462098696,141.963802074076,110.606789089482,"GF with PBO"
5,2025,"2025-05-01",129.161824953493,144.811049723269,100.495942385477,"GF with PBO"
5,2026,"2026-05-01",131.439834052393,144.853724875117,111.386581189688,"GF with PBO"
5,2027,"2027-05-01",135.161508159549,160.284961731985,108.233078819602,"GF with PBO"
5,2028,"2028-05-01",134.364436485291,158.961715372224,116.536240798539,"GF with PBO"
5,2029,"2029-05-01",131.93563277448,147.154454776835,101.840832664428,"GF with PBO"
5,2030,"2030-05-01",134.116519857623,149.467134334225,117.421816957348,"GF with PBO"
6,2021,"2021-06-01",137.270930072393,154.906084484994,117.472396627125,"GF with PBO"
6,2022,"2022-06-01",143.977433841865,160.574904756782,122.292428755801,"GF with PBO"
6,2023,"2023-06-01",148.62406597706,164.760750564321,125.167977489333,"GF with PBO"
6,2024,"2024-06-01",150.491389249918,164.60283994025,130.942597721775,"GF with PBO"
6,2025,"2025-06-01",150.111253380976,165.322304715283,134.039051123559,"GF with PBO"
6,2026,"2026-06-01",153.992382830511,171.86918916773,134.480596809212,"GF with PBO"
6,2027,"2027-06-01",153.144425554946,168.465361469131,140.988219900854,"GF with PBO"
6,2028,"2028-06-01",154.070846861429,171.061068122359,126.7341574358,"GF with PBO"
6,2029,"2029-06-01",153.74444416565,175.505706814823,137.884206582925,"GF with PBO"
6,2030,"2030-06-01",151.530488169497,165.388640166656,133.780758915947,"GF with PBO"
7,2021,"2021-07-01",100.870618291494,116.348311986853,85.6179706084476,"GF with PBO"
7,2022,"2022-07-01",110.077451942981,121.548242055158,85.7767464169594,"GF with PBO"
7,2023,"2023-07-01",112.635223388591,126.167259055574,102.043209170578,"GF with PBO"
7,2024,"2024-07-01",111.89209167674,121.884264790189,95.0863486396227,"GF with PBO"
7,2025,"2025-07-01",114.613550990586,125.257894885192,97.8200762862243,"GF with PBO"
7,2026,"2026-07-01",118.056051795436,134.713187961652,105.417322101876,"GF with PBO"
7,2027,"2027-07-01",116.748993754387,137.532903792682,98.7863964433962,"GF with PBO"
7,2028,"2028-07-01",116.945724927345,134.34831084538,106.629096494017,"GF with PBO"
7,2029,"2029-07-01",115.568222061351,131.629590626386,100.723207934567,"GF with PBO"
7,2030,"2030-07-01",115.712376908525,129.17919245961,100.892301908445,"GF with PBO"
8,2021,"2021-08-01",90.2318192986759,111.941420982944,77.0639280635068,"GF with PBO"
8,2022,"2022-08-01",95.920523482977,110.43693874046,76.8885396568049,"GF with PBO"
8,2023,"2023-08-01",98.5252829710784,109.60590028367,76.9020819320284,"GF with PBO"
8,2024,"2024-08-01",99.6338268802249,121.242424788535,80.2575900225289,"GF with PBO"
8,2025,"2025-08-01",100.916780643491,122.281569223957,86.5943784576257,"GF with PBO"
8,2026,"2026-08-01",100.519623366705,112.157952450253,83.9170106648193,"GF with PBO"
8,2027,"2027-08-01",100.67670250187,114.647160303406,81.4544801211017,"GF with PBO"
8,2028,"2028-08-01",104.30222292385,117.056254548348,90.7421455967176,"GF with PBO"
8,2029,"2029-08-01",100.595883481747,115.954291732349,85.687358331458,"GF with PBO"
8,2030,"2030-08-01",102.174967916823,118.776357823789,85.9963470481321,"GF with PBO"
9,2021,"2021-09-01",128.226631648388,153.504006628349,109.824156298253,"GF with PBO"
9,2022,"2022-09-01",133.831363870498,147.54321340561,110.871306135661,"GF with PBO"
9,2023,"2023-09-01",136.111872028568,150.210144971124,110.463839366025,"GF with PBO"
9,2024,"2024-09-01",138.616433993369,153.74221498368,112.42899119691,"GF with PBO"
9,2025,"2025-09-01",141.41989517606,158.097455152791,122.146731119408,"GF with PBO"
9,2026,"2026-09-01",142.120296368856,153.534320018767,121.56995315603,"GF with PBO"
9,2027,"2027-09-01",140.388743884832,159.469413954154,120.833882380349,"GF with PBO"
9,2028,"2028-09-01",142.475392843917,157.698385293968,122.949053015981,"GF with PBO"
9,2029,"2029-09-01",140.41496957521,152.380482626525,122.697936198375,"GF with PBO"
9,2030,"2030-09-01",141.54673590533,163.712309885391,128.36893397401,"GF with PBO"
10,2021,"2021-10-01",193.546628359006,208.84338066012,180.497007232205,"GF with PBO"
10,2022,"2022-10-01",200.389063490239,217.955626129311,179.719825466908,"GF with PBO"
10,2023,"2023-10-01",206.766309675986,222.813103355987,182.59747922476,"GF with PBO"
10,2024,"2024-10-01",207.054223200843,228.886488833784,187.862146797009,"GF with PBO"
10,2025,"2025-10-01",207.671510900564,231.0691389092,197.208902153871,"GF with PBO"
10,2026,"2026-10-01",211.371917189451,232.9098626466,190.528848484284,"GF with PBO"
10,2027,"2027-10-01",212.404873400005,229.24642153419,195.091902966037,"GF with PBO"
10,2028,"2028-10-01",212.169690885649,224.483749682616,195.386653744375,"GF with PBO"
10,2029,"2029-10-01",209.173288078332,232.137507668055,191.421168978118,"GF with PBO"
10,2030,"2030-10-01",213.381732075878,231.227169673152,196.806449650484,"GF with PBO"
11,2021,"2021-11-01",178.759151954375,196.872990497862,163.562471422519,"GF with PBO"
11,2022,"2022-11-01",182.758479726333,195.178801073652,167.298923473488,"GF with PBO"
11,2023,"2023-11-01",186.591839224525,202.357917176593,172.987983008161,"GF with PBO"
11,2024,"2024-11-01",186.596701590769,196.600590484754,177.437923507256,"GF with PBO"
11,2025,"2025-11-01",187.521946368064,202.222882823972,175.147257661988,"GF with PBO"
11,2026,"2026-11-01",190.682551723259,205.271961864465,180.659026081279,"GF with PBO"
11,2027,"2027-11-01",191.524439766984,208.358072912417,178.326577182043,"GF with PBO"
11,2028,"2028-11-01",189.878628912944,209.76499039516,176.967904280519,"GF with PBO"
11,2029,"2029-11-01",192.642230260911,206.155561909534,179.03795846923,"GF with PBO"
11,2030,"2030-11-01",190.14588691647,204.057278715222,169.797413183255,"GF with PBO"
12,2021,"2021-12-01",165.337823889475,178.488699461695,155.50179269315,"GF with PBO"
12,2022,"2022-12-01",168.024816867666,177.445705476069,158.330729443543,"GF with PBO"
12,2023,"2023-12-01",170.589698002684,184.903918898681,155.295147316856,"GF with PBO"
12,2024,"2024-12-01",172.218584058951,190.092091879723,152.237782238422,"GF with PBO"
12,2025,"2025-12-01",172.116837014682,190.41936298535,161.305166726005,"GF with PBO"
12,2026,"2026-12-01",173.147182603533,187.926443485614,156.525574187736,"GF with PBO"
12,2027,"2027-12-01",173.360494217831,191.810227111213,162.224072252741,"GF with PBO"
12,2028,"2028-12-01",174.764780302482,193.687786640886,160.606967344292,"GF with PBO"
12,2029,"2029-12-01",173.311435477591,188.265277921816,162.446934226555,"GF with PBO"
12,2030,"2030-12-01",175.025548052988,201.563893849652,163.623165947779,"GF with PBO"
1,2021,"2021-01-01",141.479310005432,155.140488257212,123.393504200773,"GF at 80%"
1,2022,"2022-01-01",163.6103277522,176.760513382366,149.086773338198,"GF at 80%"
1,2023,"2023-01-01",168.540166626518,178.44729279965,160.757912758966,"GF at 80%"
1,2024,"2024-01-01",169.938410636079,183.284443380309,151.861737612724,"GF at 80%"
1,2025,"2025-01-01",172.135792669811,187.52744735438,161.913876082229,"GF at 80%"
1,2026,"2026-01-01",173.728588700522,185.921985859832,157.734914650153,"GF at 80%"
1,2027,"2027-01-01",175.193943843741,193.164987627773,165.425989355545,"GF at 80%"
1,2028,"2028-01-01",176.537899155003,192.442773121017,163.457327688869,"GF at 80%"
1,2029,"2029-01-01",176.345367215077,195.276292078967,163.079269705513,"GF at 80%"
1,2030,"2030-01-01",176.951864341124,188.955599512044,165.566577059951,"GF at 80%"
2,2021,"2021-02-01",73.6670007205893,85.3648752561394,56.2961810229901,"GF at 80%"
2,2022,"2022-02-01",81.5552604513901,97.5618001034853,70.4128975726274,"GF at 80%"
2,2023,"2023-02-01",81.6100486130486,96.5674200614559,68.667917208666,"GF at 80%"
2,2024,"2024-02-01",82.5501542577805,92.7444336724137,69.4561288150594,"GF at 80%"
2,2025,"2025-02-01",81.5045348996522,94.3447721481019,67.370145599508,"GF at 80%"
2,2026,"2026-02-01",83.0085634385559,96.194935397085,72.2207415841424,"GF at 80%"
2,2027,"2027-02-01",83.191018225266,93.6877082166301,72.0018374478858,"GF at 80%"
2,2028,"2028-02-01",84.8740347842988,96.9885290829945,72.0370715359947,"GF at 80%"
2,2029,"2029-02-01",84.2422569225716,98.5500704536221,75.0652377260359,"GF at 80%"
2,2030,"2030-02-01",85.6537169160769,100.264809071473,72.6633670197838,"GF at 80%"
3,2021,"2021-03-01",60.5025123181624,75.1067544241772,44.6610553629641,"GF at 80%"
3,2022,"2022-03-01",65.2928052490232,80.672301807634,52.9535604887299,"GF at 80%"
3,2023,"2023-03-01",67.4139371527007,81.469126991107,53.4145087493099,"GF at 80%"
3,2024,"2024-03-01",66.7240512967033,84.2106624326249,54.5677635626164,"GF at 80%"
3,2025,"2025-03-01",67.6075346532784,86.1930043028877,46.9242831098655,"GF at 80%"
3,2026,"2026-03-01",67.6476240782089,80.4307181275311,53.0111793885887,"GF at 80%"
3,2027,"2027-03-01",68.5776346509123,84.6583239139362,51.0268653704124,"GF at 80%"
3,2028,"2028-03-01",68.862841650829,81.1508998154097,54.9567766072692,"GF at 80%"
3,2029,"2029-03-01",68.8961291231349,85.7009286126946,56.3813912750591,"GF at 80%"
3,2030,"2030-03-01",68.0345419956857,84.0440070634797,55.5373666378338,"GF at 80%"
4,2021,"2021-04-01",97.2171017105177,115.3984458669,80.1676487209734,"GF at 80%"
4,2022,"2022-04-01",106.931440644231,124.078776732798,83.7747566431537,"GF at 80%"
4,2023,"2023-04-01",108.933900921144,125.790673766482,90.857564789993,"GF at 80%"
4,2024,"2024-04-01",108.250245732252,121.719599916137,86.1394487021666,"GF at 80%"
4,2025,"2025-04-01",111.573941859695,132.009274438994,90.6926123858025,"GF at 80%"
4,2026,"2026-04-01",111.508875581001,127.890030122363,94.2674260897692,"GF at 80%"
4,2027,"2027-04-01",111.263323458026,131.936787414093,89.7075393644923,"GF at 80%"
4,2028,"2028-04-01",117.357610151988,135.674659226725,95.8795330405114,"GF at 80%"
4,2029,"2029-04-01",115.986939721979,137.822232422062,102.071404755254,"GF at 80%"
4,2030,"2030-04-01",117.09891542746,135.209823835633,102.632971709735,"GF at 80%"
5,2021,"2021-05-01",101.704765151335,119.719384774834,78.4296409413878,"GF at 80%"
5,2022,"2022-05-01",109.98047517027,128.486364855056,81.832285378463,"GF at 80%"
5,2023,"2023-05-01",116.417245226652,130.232816942318,95.8161511543666,"GF at 80%"
5,2024,"2024-05-01",119.249959630547,143.634556215516,91.4917621389246,"GF at 80%"
5,2025,"2025-05-01",118.281583593793,139.459687775574,87.1514603319702,"GF at 80%"
5,2026,"2026-05-01",120.397126657878,138.122597464865,90.3077349013803,"GF at 80%"
5,2027,"2027-05-01",122.588259028605,141.304760583432,96.1058412089672,"GF at 80%"
5,2028,"2028-05-01",122.487940354199,145.379746551125,101.590214526393,"GF at 80%"
5,2029,"2029-05-01",124.709880709532,141.458303132255,106.956330964532,"GF at 80%"
5,2030,"2030-05-01",121.353384274154,142.204085398376,97.7402117812269,"GF at 80%"
6,2021,"2021-06-01",128.070169003818,143.882751623365,104.573604080274,"GF at 80%"
6,2022,"2022-06-01",137.282774843729,153.3708834344,116.840256522742,"GF at 80%"
6,2023,"2023-06-01",139.757009040277,154.546024580174,121.742999287915,"GF at 80%"
6,2024,"2024-06-01",144.954252074659,162.006946472409,118.000814095419,"GF at 80%"
6,2025,"2025-06-01",145.588360993902,165.702331681485,116.409154411077,"GF at 80%"
6,2026,"2026-06-01",148.533389954686,167.685450688722,124.647623648595,"GF at 80%"
6,2027,"2027-06-01",145.199035614468,161.086774696445,122.323605710762,"GF at 80%"
6,2028,"2028-06-01",149.115081019959,161.144656332517,123.614774802412,"GF at 80%"
6,2029,"2029-06-01",152.271564944691,173.173898410871,131.458690585465,"GF at 80%"
6,2030,"2030-06-01",152.499449584777,165.764521893877,125.127912536657,"GF at 80%"
7,2021,"2021-07-01",93.4248019905542,109.285638536255,72.7293028811075,"GF at 80%"
7,2022,"2022-07-01",100.612127320956,120.942374288575,75.8863800085861,"GF at 80%"
7,2023,"2023-07-01",105.13651002384,118.316347519409,89.7436246611229,"GF at 80%"
7,2024,"2024-07-01",109.133178686372,120.495040601028,91.9828452608126,"GF at 80%"
7,2025,"2025-07-01",110.116398143117,124.450115999733,88.3714282563033,"GF at 80%"
7,2026,"2026-07-01",108.891854529518,123.950463193405,89.3476294345589,"GF at 80%"
7,2027,"2027-07-01",108.237362899313,124.841604390229,91.3040752235876,"GF at 80%"
7,2028,"2028-07-01",111.196005260388,122.342291747672,98.601816408547,"GF at 80%"
7,2029,"2029-07-01",112.844693021268,139.213360270249,95.0694889530749,"GF at 80%"
7,2030,"2030-07-01",115.454655235677,135.435674869386,97.2322449101501,"GF at 80%"
8,2021,"2021-08-01",84.3823471587401,99.3062387397555,63.8558148405755,"GF at 80%"
8,2022,"2022-08-01",92.2374518414142,103.778901920495,71.9402305828553,"GF at 80%"
8,2023,"2023-08-01",94.1204700671182,111.339316001041,76.6214605884515,"GF at 80%"
8,2024,"2024-08-01",97.5350000579562,112.243108744986,79.2563271813245,"GF at 80%"
8,2025,"2025-08-01",100.584306153467,117.820285895462,81.0905233891096,"GF at 80%"
8,2026,"2026-08-01",98.4850397892384,118.462790339929,78.8202662092703,"GF at 80%"
8,2027,"2027-08-01",100.348352379254,115.878072967366,81.9723333406976,"GF at 80%"
8,2028,"2028-08-01",101.395750597175,117.333164779878,90.6409185484084,"GF at 80%"
8,2029,"2029-08-01",101.650930207227,117.732428031479,85.5594660598032,"GF at 80%"
8,2030,"2030-08-01",101.819839992656,112.78568684765,85.916295977684,"GF at 80%"
9,2021,"2021-09-01",121.328627160941,140.077946008622,95.7223849621815,"GF at 80%"
9,2022,"2022-09-01",130.337467238974,152.003691749471,108.978137698829,"GF at 80%"
9,2023,"2023-09-01",134.185700965992,153.307987301068,109.346567332488,"GF at 80%"
9,2024,"2024-09-01",137.611213860359,158.789025480241,115.006623247891,"GF at 80%"
9,2025,"2025-09-01",139.984141479754,157.791837712391,113.619185465528,"GF at 80%"
9,2026,"2026-09-01",140.164868026241,161.906333088125,118.734146057694,"GF at 80%"
9,2027,"2027-09-01",142.153399742005,154.849320553854,123.19859419678,"GF at 80%"
9,2028,"2028-09-01",144.735379519313,160.127268278917,119.525058879006,"GF at 80%"
9,2029,"2029-09-01",145.025609642433,159.722972217475,120.576090520346,"GF at 80%"
9,2030,"2030-09-01",144.872990565112,165.501124840982,120.53313016148,"GF at 80%"
10,2021,"2021-10-01",189.392784837124,210.289568098418,160.577347683198,"GF at 80%"
10,2022,"2022-10-01",204.49075285614,227.36867485631,191.5648961013,"GF at 80%"
10,2023,"2023-10-01",208.018452335134,229.920315956875,187.672152345786,"GF at 80%"
10,2024,"2024-10-01",213.083800239903,227.933711879759,191.85693493454,"GF at 80%"
10,2025,"2025-10-01",211.416852390361,231.833168845134,191.955878325501,"GF at 80%"
10,2026,"2026-10-01",215.82231776482,235.993679467705,203.28888574941,"GF at 80%"
10,2027,"2027-10-01",218.936681174986,236.340952665148,203.780567270935,"GF at 80%"
10,2028,"2028-10-01",218.303260357611,236.852197709385,206.9821741637,"GF at 80%"
10,2029,"2029-10-01",221.71188046263,240.72889509731,209.93433746367,"GF at 80%"
10,2030,"2030-10-01",222.499598206602,238.425732750061,208.788008126151,"GF at 80%"
11,2021,"2021-11-01",177.431985541769,189.053313924573,158.915717896463,"GF at 80%"
11,2022,"2022-11-01",186.301509855237,198.644634212324,171.692895664548,"GF at 80%"
11,2023,"2023-11-01",190.564449612965,205.5249551327,178.484799842541,"GF at 80%"
11,2024,"2024-11-01",191.4031051305,206.549961251165,179.862666873647,"GF at 80%"
11,2025,"2025-11-01",194.566727744375,206.100187707746,177.620363759326,"GF at 80%"
11,2026,"2026-11-01",196.009857007229,208.48627222039,184.191948978897,"GF at 80%"
11,2027,"2027-11-01",197.576384213634,217.980508378568,181.88088187415,"GF at 80%"
11,2028,"2028-11-01",197.82355444414,212.353662255338,183.774698918657,"GF at 80%"
11,2029,"2029-11-01",202.630859511388,218.589427099791,185.319273974748,"GF at 80%"
11,2030,"2030-11-01",200.629098572282,214.860323332547,183.628043726549,"GF at 80%"
12,2021,"2021-12-01",169.522453860101,182.198711680725,154.408139917352,"GF at 80%"
12,2022,"2022-12-01",174.263162755162,194.882142423319,160.768170251291,"GF at 80%"
12,2023,"2023-12-01",174.419270280313,186.2884698195,163.616133874657,"GF at 80%"
12,2024,"2024-12-01",178.896819713796,189.051540872926,168.474047433418,"GF at 80%"
12,2025,"2025-12-01",178.635350724604,192.728623390273,166.891353294838,"GF at 80%"
12,2026,"2026-12-01",177.18734824484,185.932942804966,167.342868859461,"GF at 80%"
12,2027,"2027-12-01",180.384345717553,196.288004232419,163.941422584931,"GF at 80%"
12,2028,"2028-12-01",184.481815257407,199.06863122046,175.151859488852,"GF at 80%"
12,2029,"2029-12-01",185.035596456997,196.694058633245,172.770860466638,"GF at 80%"
12,2030,"2030-12-01",186.282201042369,196.876062723317,173.673947349516,"GF at 80%"
1,2021,"2021-01-01",141.507024947076,159.832977661111,125.193226160976,"GF at 80% with PBO"
1,2022,"2022-01-01",163.508327306248,177.764945839481,151.05494608265,"GF at 80% with PBO"
1,2023,"2023-01-01",167.795286934179,181.229151963619,147.650716562023,"GF at 80% with PBO"
1,2024,"2024-01-01",171.012019475592,187.97906776297,159.99621499113,"GF at 80% with PBO"
1,2025,"2025-01-01",172.224006691151,185.857961076423,161.814848983261,"GF at 80% with PBO"
1,2026,"2026-01-01",172.895529265951,184.296736609868,163.636614868174,"GF at 80% with PBO"
1,2027,"2027-01-01",177.039043482309,188.889406745542,162.683662264399,"GF at 80% with PBO"
1,2028,"2028-01-01",173.426378866601,187.219017037444,159.642712982573,"GF at 80% with PBO"
1,2029,"2029-01-01",175.316331889837,189.050044610902,164.852510098924,"GF at 80% with PBO"
1,2030,"2030-01-01",177.320529262803,193.538046088095,166.109408541865,"GF at 80% with PBO"
2,2021,"2021-02-01",73.934807815084,87.6292815608956,60.7894369825828,"GF at 80% with PBO"
2,2022,"2022-02-01",78.7478814826758,91.1880661204498,65.456481476147,"GF at 80% with PBO"
2,2023,"2023-02-01",81.1964275550389,92.3473967112095,71.3494670111811,"GF at 80% with PBO"
2,2024,"2024-02-01",82.7918345891074,94.089336442526,71.7722295687073,"GF at 80% with PBO"
2,2025,"2025-02-01",82.3182359878864,90.690150935285,69.3976109441329,"GF at 80% with PBO"
2,2026,"2026-02-01",82.2513500024477,97.8910290096072,72.0711789353726,"GF at 80% with PBO"
2,2027,"2027-02-01",84.7968427222942,95.1802164729904,68.6244546221606,"GF at 80% with PBO"
2,2028,"2028-02-01",83.8250336803806,92.9427134424194,68.5773217436907,"GF at 80% with PBO"
2,2029,"2029-02-01",83.4693786126674,91.7047118095538,70.9201392368548,"GF at 80% with PBO"
2,2030,"2030-02-01",84.914445931755,93.6064154068517,68.1190462574846,"GF at 80% with PBO"
3,2021,"2021-03-01",61.7173387611765,73.8162762570712,49.3187130619021,"GF at 80% with PBO"
3,2022,"2022-03-01",63.5618930682034,81.4470747263395,50.0837475332337,"GF at 80% with PBO"
3,2023,"2023-03-01",64.9985075076572,82.227516727651,53.4648785754191,"GF at 80% with PBO"
3,2024,"2024-03-01",67.2495183852508,86.91455717592,54.9864155635679,"GF at 80% with PBO"
3,2025,"2025-03-01",68.0705454167155,83.708391332231,53.5004136294213,"GF at 80% with PBO"
3,2026,"2026-03-01",67.1895194568688,80.1111536040671,51.5259748073006,"GF at 80% with PBO"
3,2027,"2027-03-01",68.4257348819074,79.2840955326026,54.591987655429,"GF at 80% with PBO"
3,2028,"2028-03-01",68.8779765650099,87.4120029983978,54.0872362277812,"GF at 80% with PBO"
3,2029,"2029-03-01",68.8416019905637,82.6260999961341,54.1560276441624,"GF at 80% with PBO"
3,2030,"2030-03-01",68.8477112058009,80.485491285542,58.3099492430504,"GF at 80% with PBO"
4,2021,"2021-04-01",98.2780750221781,115.605069940789,82.7300570304382,"GF at 80% with PBO"
4,2022,"2022-04-01",105.59631985217,121.098080392417,85.6431951277052,"GF at 80% with PBO"
4,2023,"2023-04-01",106.420382346041,123.448848330785,89.1171444727201,"GF at 80% with PBO"
4,2024,"2024-04-01",109.072640616687,122.151508234821,90.148886908548,"GF at 80% with PBO"
4,2025,"2025-04-01",111.04156327689,128.849880109907,87.1999939076417,"GF at 80% with PBO"
4,2026,"2026-04-01",112.960045944366,127.811446845408,99.7017632435906,"GF at 80% with PBO"
4,2027,"2027-04-01",114.719022276069,129.179648754605,100.615827118623,"GF at 80% with PBO"
4,2028,"2028-04-01",113.121075589507,130.66235195057,88.9609714431817,"GF at 80% with PBO"
4,2029,"2029-04-01",114.303733476644,132.571979461423,100.154297272235,"GF at 80% with PBO"
4,2030,"2030-04-01",113.549276344849,139.208985089065,95.3924190553907,"GF at 80% with PBO"
5,2021,"2021-05-01",106.176447531527,123.666371982749,78.3183264903521,"GF at 80% with PBO"
5,2022,"2022-05-01",110.030891514853,129.114294533602,79.5606328048071,"GF at 80% with PBO"
5,2023,"2023-05-01",117.696933989982,143.296239301607,89.9843658621665,"GF at 80% with PBO"
5,2024,"2024-05-01",116.6221117187,141.117844128638,96.7705285466897,"GF at 80% with PBO"
5,2025,"2025-05-01",118.168685389103,134.17192294281,96.2687861990353,"GF at 80% with PBO"
5,2026,"2026-05-01",117.474958895063,138.167793535506,90.6292206448097,"GF at 80% with PBO"
5,2027,"2027-05-01",123.39896781747,139.81500521139,91.4669235405057,"GF at 80% with PBO"
5,2028,"2028-05-01",122.379872693928,142.179724665812,100.923190904333,"GF at 80% with PBO"
5,2029,"2029-05-01",122.215451048973,134.293947479751,95.187668336434,"GF at 80% with PBO"
5,2030,"2030-05-01",122.696244050676,137.872355468862,103.833121218433,"GF at 80% with PBO"
6,2021,"2021-06-01",125.791800864656,147.193106053074,102.774308716233,"GF at 80% with PBO"
6,2022,"2022-06-01",136.108598127525,149.66789664195,109.36523364302,"GF at 80% with PBO"
6,2023,"2023-06-01",139.479114011196,152.788125555269,118.936939651133,"GF at 80% with PBO"
6,2024,"2024-06-01",141.646340941366,156.488418729922,117.963030868692,"GF at 80% with PBO"
6,2025,"2025-06-01",143.361976822245,176.901262469071,116.147542774373,"GF at 80% with PBO"
6,2026,"2026-06-01",147.115361998328,171.091640171205,118.660146258159,"GF at 80% with PBO"
6,2027,"2027-06-01",149.965277000119,165.624091489822,131.649756791131,"GF at 80% with PBO"
6,2028,"2028-06-01",149.6137173444,171.45710653884,119.537528845882,"GF at 80% with PBO"
6,2029,"2029-06-01",150.74109108603,166.39192811255,126.576605842415,"GF at 80% with PBO"
6,2030,"2030-06-01",150.70775373744,162.132359903026,135.422844538312,"GF at 80% with PBO"
7,2021,"2021-07-01",94.3916271030388,112.952177327112,74.9491334296381,"GF at 80% with PBO"
7,2022,"2022-07-01",98.6612241482219,116.419180424965,76.9495048014174,"GF at 80% with PBO"
7,2023,"2023-07-01",106.712262224514,124.790323371019,86.1889297245209,"GF at 80% with PBO"
7,2024,"2024-07-01",106.132606265131,123.485374490789,82.4142737941779,"GF at 80% with PBO"
7,2025,"2025-07-01",107.866794583293,119.905472022523,92.9366973034644,"GF at 80% with PBO"
7,2026,"2026-07-01",109.970988197552,123.534403855024,95.5883825938626,"GF at 80% with PBO"
7,2027,"2027-07-01",110.505402005529,123.384407444446,93.6368083102734,"GF at 80% with PBO"
7,2028,"2028-07-01",111.288862961535,126.140508596332,93.8166152018086,"GF at 80% with PBO"
7,2029,"2029-07-01",112.701413278279,121.605543702088,104.236266591443,"GF at 80% with PBO"
7,2030,"2030-07-01",111.967327306202,126.43650666834,94.6551446636169,"GF at 80% with PBO"
8,2021,"2021-08-01",85.2721518053429,101.38546352355,68.7803772845645,"GF at 80% with PBO"
8,2022,"2022-08-01",91.0127318165359,109.328775010128,72.1240574084742,"GF at 80% with PBO"
8,2023,"2023-08-01",95.8156196194863,115.864474509813,69.7648654482922,"GF at 80% with PBO"
8,2024,"2024-08-01",96.5148268463506,115.429181601832,78.7342578498798,"GF at 80% with PBO"
8,2025,"2025-08-01",96.4639139068028,111.502467361555,77.2727440054194,"GF at 80% with PBO"
8,2026,"2026-08-01",97.536805083618,118.912697424747,75.4668896756201,"GF at 80% with PBO"
8,2027,"2027-08-01",97.9010678447782,113.337259471713,80.2671477917648,"GF at 80% with PBO"
8,2028,"2028-08-01",100.216028723318,120.345298788535,82.3990565388362,"GF at 80% with PBO"
8,2029,"2029-08-01",101.032620566886,112.07587986303,88.0601199294233,"GF at 80% with PBO"
8,2030,"2030-08-01",102.020610076007,119.310235892275,88.9962501375548,"GF at 80% with PBO"
9,2021,"2021-09-01",120.875915107856,136.967321889592,95.9584078228189,"GF at 80% with PBO"
9,2022,"2022-09-01",130.354817305805,149.769735712554,105.242208859496,"GF at 80% with PBO"
9,2023,"2023-09-01",134.519114905584,152.292883584569,115.519972851519,"GF at 80% with PBO"
9,2024,"2024-09-01",135.591499591794,150.532522746745,101.266076883361,"GF at 80% with PBO"
9,2025,"2025-09-01",138.321318723177,158.671686677579,121.316716723914,"GF at 80% with PBO"
9,2026,"2026-09-01",140.118139461305,160.58937054699,117.519428925536,"GF at 80% with PBO"
9,2027,"2027-09-01",140.644155493619,153.828855055843,122.084917348197,"GF at 80% with PBO"
9,2028,"2028-09-01",143.301365477876,157.15568434314,121.023280609506,"GF at 80% with PBO"
9,2029,"2029-09-01",144.326624624206,157.348430522898,126.219310111735,"GF at 80% with PBO"
9,2030,"2030-09-01",142.980085576342,163.401417642173,126.200993710236,"GF at 80% with PBO"
10,2021,"2021-10-01",190.739698150302,213.606756358722,160.714475106593,"GF at 80% with PBO"
10,2022,"2022-10-01",197.874736162103,218.277144427985,172.99389434534,"GF at 80% with PBO"
10,2023,"2023-10-01",208.421572371864,245.644952309781,183.702690000969,"GF at 80% with PBO"
10,2024,"2024-10-01",209.779181401091,228.607637011674,191.465750373496,"GF at 80% with PBO"
10,2025,"2025-10-01",210.571163218842,228.663320430291,187.889765703339,"GF at 80% with PBO"
10,2026,"2026-10-01",212.873093175506,234.871770903865,197.455228055936,"GF at 80% with PBO"
10,2027,"2027-10-01",216.033037315496,235.683929869821,199.528033310935,"GF at 80% with PBO"
10,2028,"2028-10-01",217.134479638745,235.794115408176,199.857823378283,"GF at 80% with PBO"
10,2029,"2029-10-01",221.220117002668,243.544352363491,204.888743231736,"GF at 80% with PBO"
10,2030,"2030-10-01",223.518459249252,247.106144606319,210.251319618309,"GF at 80% with PBO"
11,2021,"2021-11-01",176.211942070652,188.025575372783,159.559445695197,"GF at 80% with PBO"
11,2022,"2022-11-01",184.183727077647,200.778783553652,168.934804687083,"GF at 80% with PBO"
11,2023,"2023-11-01",191.427491951024,204.191320149,173.87267322448,"GF at 80% with PBO"
11,2024,"2024-11-01",192.605696614171,213.910765106585,178.231348984144,"GF at 80% with PBO"
11,2025,"2025-11-01",193.317999255342,211.89745321971,174.863807446173,"GF at 80% with PBO"
11,2026,"2026-11-01",198.880640318298,215.602401171439,183.269835961887,"GF at 80% with PBO"
11,2027,"2027-11-01",196.139411543713,218.596670541954,178.677808034137,"GF at 80% with PBO"
11,2028,"2028-11-01",198.00256559277,214.318282595424,178.617452565689,"GF at 80% with PBO"
11,2029,"2029-11-01",199.776678152378,214.965666330524,183.557481554114,"GF at 80% with PBO"
11,2030,"2030-11-01",199.279189264069,215.426003457196,185.130884940744,"GF at 80% with PBO"
12,2021,"2021-12-01",167.292159273971,178.827691161611,153.226813892948,"GF at 80% with PBO"
12,2022,"2022-12-01",173.209920871882,179.966411907106,162.205960661551,"GF at 80% with PBO"
12,2023,"2023-12-01",175.211383931388,198.566219759218,157.611846618994,"GF at 80% with PBO"
12,2024,"2024-12-01",177.977788084459,192.471706868603,163.406212612096,"GF at 80% with PBO"
12,2025,"2025-12-01",178.172733055963,189.916462126453,167.40169203696,"GF at 80% with PBO"
12,2026,"2026-12-01",182.545656896049,196.707762661932,169.054534146832,"GF at 80% with PBO"
12,2027,"2027-12-01",179.574242039297,197.14335994918,161.023536160806,"GF at 80% with PBO"
12,2028,"2028-12-01",181.785966891109,192.653200838642,172.087171637469,"GF at 80% with PBO"
12,2029,"2029-12-01",181.759254355747,195.424502018848,170.994747723805,"GF at 80% with PBO"
12,2030,"2030-12-01",184.838849644474,202.975386003937,176.009696178282,"GF at 80% with PBO"
12,2020,"2020-12-01",136.493239804206,156.096502955958,124.418256527818,"BAU"
12,2020,"2020-12-01",136.493239804206,156.096502955958,124.418256527818,"GF"
12,2020,"2020-12-01",136.493239804206,156.096502955958,124.418256527818,"GF with PBO"
12,2020,"2020-12-01",136.493239804206,156.096502955958,124.418256527818,"GF at 80%"
12,2020,"2020-12-01",136.493239804206,156.096502955958,124.418256527818,"GF at 80% with PBO"
