"X","admin_name","year","seed","U5_coverage","adult_coverage","severe_coverage","simday","duration"
461,"Bubanza",2021,1,0.8,0.4,0.9,0,-1
462,"Bugarama",2021,1,0.8,0.4,0.9,0,-1
463,"Buhiga",2021,1,0.8,0.4,0.9,0,-1
464,"Bururi",2021,1,0.8,0.4,0.9,0,-1
465,"Busoni",2021,1,0.8,0.4,0.9,0,-1
466,"Butezi",2021,1,0.8,0.4,0.9,0,-1
467,"Buye",2021,1,0.8,0.4,0.9,0,-1
468,"Cankuzo",2021,1,0.8,0.4,0.9,0,-1
469,"Cibitoke",2021,1,0.8,0.4,0.9,0,-1
470,"Fota",2021,1,0.8,0.4,0.9,0,-1
471,"Gahombo",2021,1,0.8,0.4,0.9,0,-1
472,"Gashoho",2021,1,0.8,0.4,0.9,0,-1
473,"Gihofi",2021,1,0.8,0.4,0.9,0,-1
474,"Gitega",2021,1,0.8,0.4,0.9,0,-1
475,"Giteranyi",2021,1,0.8,0.4,0.9,0,-1
476,"Isale",2021,1,0.8,0.4,0.9,0,-1
477,"Kabezi",2021,1,0.8,0.4,0.9,0,-1
478,"Kayanza",2021,1,0.8,0.4,0.9,0,-1
479,"Kibumbu",2021,1,0.8,0.4,0.9,0,-1
480,"Kibuye",2021,1,0.8,0.4,0.9,0,-1
481,"Kiganda",2021,1,0.8,0.4,0.9,0,-1
482,"Kinyinya",2021,1,0.8,0.4,0.9,0,-1
483,"Kiremba",2021,1,0.8,0.4,0.9,0,-1
484,"Kirundo",2021,1,0.8,0.4,0.9,0,-1
485,"Mabayi",2021,1,0.8,0.4,0.9,0,-1
486,"Makamba",2021,1,0.8,0.4,0.9,0,-1
487,"Matana",2021,1,0.8,0.4,0.9,0,-1
488,"Mpanda",2021,1,0.8,0.4,0.9,0,-1
489,"Mukenke",2021,1,0.857142857142857,0.428571428571428,0.9,0,-1
490,"Muramvya",2021,1,0.8,0.4,0.9,0,-1
491,"Murore",2021,1,0.8,0.4,0.9,0,-1
492,"Musema",2021,1,0.8,0.4,0.9,0,-1
493,"Mutaho",2021,1,0.8,0.4,0.9,0,-1
494,"Muyinga",2021,1,0.8,0.4,0.9,0,-1
495,"Ngozi",2021,1,0.8,0.4,0.9,0,-1
496,"Nyabikere",2021,1,0.875,0.4375,0.9,0,-1
497,"Nyanza-Lac",2021,1,0.8,0.4,0.9,0,-1
498,"Rumonge",2021,1,0.8,0.4,0.9,0,-1
499,"Rutana",2021,1,0.8,0.4,0.9,0,-1
500,"Ruyigi",2021,1,0.8,0.4,0.9,0,-1
501,"Rwibaga",2021,1,0.8,0.4,0.9,0,-1
502,"Ryansoro",2021,1,0.8,0.4,0.9,0,-1
503,"Vumbi",2021,1,0.8,0.4,0.9,0,-1
504,"Zone Centre",2021,1,0.8,0.4,0.9,0,-1
505,"Zone Nord",2021,1,0.8,0.4,0.9,0,-1
506,"Zone Sud",2021,1,0.8,0.4,0.9,0,-1
967,"Bubanza",2021,2,0.8,0.4,0.9,0,-1
968,"Bugarama",2021,2,0.8,0.4,0.9,0,-1
969,"Buhiga",2021,2,0.8,0.4,0.9,0,-1
970,"Bururi",2021,2,0.8,0.4,0.9,0,-1
971,"Busoni",2021,2,0.8,0.4,0.9,0,-1
972,"Butezi",2021,2,0.8,0.4,0.9,0,-1
973,"Buye",2021,2,0.8,0.4,0.9,0,-1
974,"Cankuzo",2021,2,0.851,0.4255,0.9,0,-1
975,"Cibitoke",2021,2,0.8,0.4,0.9,0,-1
976,"Fota",2021,2,0.8,0.4,0.9,0,-1
977,"Gahombo",2021,2,0.8,0.4,0.9,0,-1
978,"Gashoho",2021,2,0.814,0.407,0.9,0,-1
979,"Gihofi",2021,2,0.8,0.4,0.9,0,-1
980,"Gitega",2021,2,0.8,0.4,0.9,0,-1
981,"Giteranyi",2021,2,0.83,0.415,0.9,0,-1
982,"Isale",2021,2,0.8,0.4,0.9,0,-1
983,"Kabezi",2021,2,0.8,0.4,0.9,0,-1
984,"Kayanza",2021,2,0.8,0.4,0.9,0,-1
985,"Kibumbu",2021,2,0.8,0.4,0.9,0,-1
986,"Kibuye",2021,2,0.8,0.4,0.9,0,-1
987,"Kiganda",2021,2,0.8,0.4,0.9,0,-1
988,"Kinyinya",2021,2,0.8,0.4,0.9,0,-1
989,"Kiremba",2021,2,0.8,0.4,0.9,0,-1
990,"Kirundo",2021,2,0.8,0.4,0.9,0,-1
991,"Mabayi",2021,2,0.8,0.4,0.9,0,-1
992,"Makamba",2021,2,0.8,0.4,0.9,0,-1
993,"Matana",2021,2,0.8,0.4,0.9,0,-1
994,"Mpanda",2021,2,0.8,0.4,0.9,0,-1
995,"Mukenke",2021,2,0.818,0.409,0.9,0,-1
996,"Muramvya",2021,2,0.8,0.4,0.9,0,-1
997,"Murore",2021,2,0.8,0.4,0.9,0,-1
998,"Musema",2021,2,0.8,0.4,0.9,0,-1
999,"Mutaho",2021,2,0.8,0.4,0.9,0,-1
1000,"Muyinga",2021,2,0.8,0.4,0.9,0,-1
1001,"Ngozi",2021,2,0.8,0.4,0.9,0,-1
1002,"Nyabikere",2021,2,0.89,0.445,0.9,0,-1
1003,"Nyanza-Lac",2021,2,0.8,0.4,0.9,0,-1
1004,"Rumonge",2021,2,0.8,0.4,0.9,0,-1
1005,"Rutana",2021,2,0.8,0.4,0.9,0,-1
1006,"Ruyigi",2021,2,0.8,0.4,0.9,0,-1
1007,"Rwibaga",2021,2,0.8,0.4,0.9,0,-1
1008,"Ryansoro",2021,2,0.8,0.4,0.9,0,-1
1009,"Vumbi",2021,2,0.8,0.4,0.9,0,-1
1010,"Zone Centre",2021,2,0.8,0.4,0.9,0,-1
1011,"Zone Nord",2021,2,0.8,0.4,0.9,0,-1
1012,"Zone Sud",2021,2,0.8,0.4,0.9,0,-1
1473,"Bubanza",2021,3,0.8,0.4,0.9,0,-1
1474,"Bugarama",2021,3,0.8,0.4,0.9,0,-1
1475,"Buhiga",2021,3,0.8,0.4,0.9,0,-1
1476,"Bururi",2021,3,0.8,0.4,0.9,0,-1
1477,"Busoni",2021,3,0.8,0.4,0.9,0,-1
1478,"Butezi",2021,3,0.8,0.4,0.9,0,-1
1479,"Buye",2021,3,0.8,0.4,0.9,0,-1
1480,"Cankuzo",2021,3,0.825,0.4125,0.9,0,-1
1481,"Cibitoke",2021,3,0.8,0.4,0.9,0,-1
1482,"Fota",2021,3,0.8,0.4,0.9,0,-1
1483,"Gahombo",2021,3,0.8,0.4,0.9,0,-1
1484,"Gashoho",2021,3,0.821,0.4105,0.9,0,-1
1485,"Gihofi",2021,3,0.8,0.4,0.9,0,-1
1486,"Gitega",2021,3,0.8,0.4,0.9,0,-1
1487,"Giteranyi",2021,3,0.808,0.404,0.9,0,-1
1488,"Isale",2021,3,0.8,0.4,0.9,0,-1
1489,"Kabezi",2021,3,0.8,0.4,0.9,0,-1
1490,"Kayanza",2021,3,0.8,0.4,0.9,0,-1
1491,"Kibumbu",2021,3,0.8,0.4,0.9,0,-1
1492,"Kibuye",2021,3,0.8,0.4,0.9,0,-1
1493,"Kiganda",2021,3,0.8,0.4,0.9,0,-1
1494,"Kinyinya",2021,3,0.8,0.4,0.9,0,-1
1495,"Kiremba",2021,3,0.8,0.4,0.9,0,-1
1496,"Kirundo",2021,3,0.8,0.4,0.9,0,-1
1497,"Mabayi",2021,3,0.8,0.4,0.9,0,-1
1498,"Makamba",2021,3,0.8,0.4,0.9,0,-1
1499,"Matana",2021,3,0.8,0.4,0.9,0,-1
1500,"Mpanda",2021,3,0.8,0.4,0.9,0,-1
1501,"Mukenke",2021,3,0.886,0.443,0.9,0,-1
1502,"Muramvya",2021,3,0.8,0.4,0.9,0,-1
1503,"Murore",2021,3,0.8,0.4,0.9,0,-1
1504,"Musema",2021,3,0.8,0.4,0.9,0,-1
1505,"Mutaho",2021,3,0.8,0.4,0.9,0,-1
1506,"Muyinga",2021,3,0.8,0.4,0.9,0,-1
1507,"Ngozi",2021,3,0.8,0.4,0.9,0,-1
1508,"Nyabikere",2021,3,0.838,0.419,0.9,0,-1
1509,"Nyanza-Lac",2021,3,0.8,0.4,0.9,0,-1
1510,"Rumonge",2021,3,0.8,0.4,0.9,0,-1
1511,"Rutana",2021,3,0.8,0.4,0.9,0,-1
1512,"Ruyigi",2021,3,0.8,0.4,0.9,0,-1
1513,"Rwibaga",2021,3,0.8,0.4,0.9,0,-1
1514,"Ryansoro",2021,3,0.8,0.4,0.9,0,-1
1515,"Vumbi",2021,3,0.8,0.4,0.9,0,-1
1516,"Zone Centre",2021,3,0.8,0.4,0.9,0,-1
1517,"Zone Nord",2021,3,0.8,0.4,0.9,0,-1
1518,"Zone Sud",2021,3,0.8,0.4,0.9,0,-1
1979,"Bubanza",2021,4,0.8,0.4,0.9,0,-1
1980,"Bugarama",2021,4,0.8,0.4,0.9,0,-1
1981,"Buhiga",2021,4,0.8,0.4,0.9,0,-1
1982,"Bururi",2021,4,0.8,0.4,0.9,0,-1
1983,"Busoni",2021,4,0.8,0.4,0.9,0,-1
1984,"Butezi",2021,4,0.8,0.4,0.9,0,-1
1985,"Buye",2021,4,0.8,0.4,0.9,0,-1
1986,"Cankuzo",2021,4,0.8,0.4,0.9,0,-1
1987,"Cibitoke",2021,4,0.8,0.4,0.9,0,-1
1988,"Fota",2021,4,0.8,0.4,0.9,0,-1
1989,"Gahombo",2021,4,0.8,0.4,0.9,0,-1
1990,"Gashoho",2021,4,0.8,0.4,0.9,0,-1
1991,"Gihofi",2021,4,0.8,0.4,0.9,0,-1
1992,"Gitega",2021,4,0.8,0.4,0.9,0,-1
1993,"Giteranyi",2021,4,0.8,0.4,0.9,0,-1
1994,"Isale",2021,4,0.8,0.4,0.9,0,-1
1995,"Kabezi",2021,4,0.8,0.4,0.9,0,-1
1996,"Kayanza",2021,4,0.8,0.4,0.9,0,-1
1997,"Kibumbu",2021,4,0.8,0.4,0.9,0,-1
1998,"Kibuye",2021,4,0.8,0.4,0.9,0,-1
1999,"Kiganda",2021,4,0.8,0.4,0.9,0,-1
2000,"Kinyinya",2021,4,0.8,0.4,0.9,0,-1
2001,"Kiremba",2021,4,0.8,0.4,0.9,0,-1
2002,"Kirundo",2021,4,0.8,0.4,0.9,0,-1
2003,"Mabayi",2021,4,0.8,0.4,0.9,0,-1
2004,"Makamba",2021,4,0.8,0.4,0.9,0,-1
2005,"Matana",2021,4,0.8,0.4,0.9,0,-1
2006,"Mpanda",2021,4,0.8,0.4,0.9,0,-1
2007,"Mukenke",2021,4,0.875,0.4375,0.9,0,-1
2008,"Muramvya",2021,4,0.8,0.4,0.9,0,-1
2009,"Murore",2021,4,0.8,0.4,0.9,0,-1
2010,"Musema",2021,4,0.8,0.4,0.9,0,-1
2011,"Mutaho",2021,4,0.8,0.4,0.9,0,-1
2012,"Muyinga",2021,4,0.8,0.4,0.9,0,-1
2013,"Ngozi",2021,4,0.8,0.4,0.9,0,-1
2014,"Nyabikere",2021,4,0.849,0.4245,0.9,0,-1
2015,"Nyanza-Lac",2021,4,0.8,0.4,0.9,0,-1
2016,"Rumonge",2021,4,0.8,0.4,0.9,0,-1
2017,"Rutana",2021,4,0.8,0.4,0.9,0,-1
2018,"Ruyigi",2021,4,0.8,0.4,0.9,0,-1
2019,"Rwibaga",2021,4,0.8,0.4,0.9,0,-1
2020,"Ryansoro",2021,4,0.8,0.4,0.9,0,-1
2021,"Vumbi",2021,4,0.8,0.4,0.9,0,-1
2022,"Zone Centre",2021,4,0.8,0.4,0.9,0,-1
2023,"Zone Nord",2021,4,0.8,0.4,0.9,0,-1
2024,"Zone Sud",2021,4,0.8,0.4,0.9,0,-1
2485,"Bubanza",2021,5,0.8,0.4,0.9,0,-1
2486,"Bugarama",2021,5,0.8,0.4,0.9,0,-1
2487,"Buhiga",2021,5,0.805,0.4025,0.9,0,-1
2488,"Bururi",2021,5,0.8,0.4,0.9,0,-1
2489,"Busoni",2021,5,0.8,0.4,0.9,0,-1
2490,"Butezi",2021,5,0.8,0.4,0.9,0,-1
2491,"Buye",2021,5,0.8,0.4,0.9,0,-1
2492,"Cankuzo",2021,5,0.8,0.4,0.9,0,-1
2493,"Cibitoke",2021,5,0.8,0.4,0.9,0,-1
2494,"Fota",2021,5,0.8,0.4,0.9,0,-1
2495,"Gahombo",2021,5,0.8,0.4,0.9,0,-1
2496,"Gashoho",2021,5,0.8,0.4,0.9,0,-1
2497,"Gihofi",2021,5,0.8,0.4,0.9,0,-1
2498,"Gitega",2021,5,0.8,0.4,0.9,0,-1
2499,"Giteranyi",2021,5,0.816,0.408,0.9,0,-1
2500,"Isale",2021,5,0.8,0.4,0.9,0,-1
2501,"Kabezi",2021,5,0.8,0.4,0.9,0,-1
2502,"Kayanza",2021,5,0.8,0.4,0.9,0,-1
2503,"Kibumbu",2021,5,0.8,0.4,0.9,0,-1
2504,"Kibuye",2021,5,0.8,0.4,0.9,0,-1
2505,"Kiganda",2021,5,0.8,0.4,0.9,0,-1
2506,"Kinyinya",2021,5,0.809,0.4045,0.9,0,-1
2507,"Kiremba",2021,5,0.8,0.4,0.9,0,-1
2508,"Kirundo",2021,5,0.8,0.4,0.9,0,-1
2509,"Mabayi",2021,5,0.8,0.4,0.9,0,-1
2510,"Makamba",2021,5,0.8,0.4,0.9,0,-1
2511,"Matana",2021,5,0.8,0.4,0.9,0,-1
2512,"Mpanda",2021,5,0.8,0.4,0.9,0,-1
2513,"Mukenke",2021,5,0.842,0.421,0.9,0,-1
2514,"Muramvya",2021,5,0.8,0.4,0.9,0,-1
2515,"Murore",2021,5,0.8,0.4,0.9,0,-1
2516,"Musema",2021,5,0.8,0.4,0.9,0,-1
2517,"Mutaho",2021,5,0.8,0.4,0.9,0,-1
2518,"Muyinga",2021,5,0.8,0.4,0.9,0,-1
2519,"Ngozi",2021,5,0.8,0.4,0.9,0,-1
2520,"Nyabikere",2021,5,0.905,0.4525,0.9,0,-1
2521,"Nyanza-Lac",2021,5,0.8,0.4,0.9,0,-1
2522,"Rumonge",2021,5,0.8,0.4,0.9,0,-1
2523,"Rutana",2021,5,0.8,0.4,0.9,0,-1
2524,"Ruyigi",2021,5,0.8,0.4,0.9,0,-1
2525,"Rwibaga",2021,5,0.8,0.4,0.9,0,-1
2526,"Ryansoro",2021,5,0.8,0.4,0.9,0,-1
2527,"Vumbi",2021,5,0.8,0.4,0.9,0,-1
2528,"Zone Centre",2021,5,0.8,0.4,0.9,0,-1
2529,"Zone Nord",2021,5,0.8,0.4,0.9,0,-1
2530,"Zone Sud",2021,5,0.8,0.4,0.9,0,-1
2991,"Bubanza",2021,6,0.8,0.4,0.9,0,-1
2992,"Bugarama",2021,6,0.8,0.4,0.9,0,-1
2993,"Buhiga",2021,6,0.8,0.4,0.9,0,-1
2994,"Bururi",2021,6,0.8,0.4,0.9,0,-1
2995,"Busoni",2021,6,0.8,0.4,0.9,0,-1
2996,"Butezi",2021,6,0.8,0.4,0.9,0,-1
2997,"Buye",2021,6,0.8,0.4,0.9,0,-1
2998,"Cankuzo",2021,6,0.8,0.4,0.9,0,-1
2999,"Cibitoke",2021,6,0.8,0.4,0.9,0,-1
3000,"Fota",2021,6,0.8,0.4,0.9,0,-1
3001,"Gahombo",2021,6,0.8,0.4,0.9,0,-1
3002,"Gashoho",2021,6,0.8,0.4,0.9,0,-1
3003,"Gihofi",2021,6,0.8,0.4,0.9,0,-1
3004,"Gitega",2021,6,0.8,0.4,0.9,0,-1
3005,"Giteranyi",2021,6,0.8,0.4,0.9,0,-1
3006,"Isale",2021,6,0.8,0.4,0.9,0,-1
3007,"Kabezi",2021,6,0.8,0.4,0.9,0,-1
3008,"Kayanza",2021,6,0.8,0.4,0.9,0,-1
3009,"Kibumbu",2021,6,0.8,0.4,0.9,0,-1
3010,"Kibuye",2021,6,0.8,0.4,0.9,0,-1
3011,"Kiganda",2021,6,0.8,0.4,0.9,0,-1
3012,"Kinyinya",2021,6,0.8,0.4,0.9,0,-1
3013,"Kiremba",2021,6,0.8,0.4,0.9,0,-1
3014,"Kirundo",2021,6,0.8,0.4,0.9,0,-1
3015,"Mabayi",2021,6,0.8,0.4,0.9,0,-1
3016,"Makamba",2021,6,0.8,0.4,0.9,0,-1
3017,"Matana",2021,6,0.8,0.4,0.9,0,-1
3018,"Mpanda",2021,6,0.8,0.4,0.9,0,-1
3019,"Mukenke",2021,6,0.84,0.42,0.9,0,-1
3020,"Muramvya",2021,6,0.8,0.4,0.9,0,-1
3021,"Murore",2021,6,0.8,0.4,0.9,0,-1
3022,"Musema",2021,6,0.8,0.4,0.9,0,-1
3023,"Mutaho",2021,6,0.8,0.4,0.9,0,-1
3024,"Muyinga",2021,6,0.8,0.4,0.9,0,-1
3025,"Ngozi",2021,6,0.8,0.4,0.9,0,-1
3026,"Nyabikere",2021,6,0.917,0.4585,0.9,0,-1
3027,"Nyanza-Lac",2021,6,0.8,0.4,0.9,0,-1
3028,"Rumonge",2021,6,0.8,0.4,0.9,0,-1
3029,"Rutana",2021,6,0.8,0.4,0.9,0,-1
3030,"Ruyigi",2021,6,0.8,0.4,0.9,0,-1
3031,"Rwibaga",2021,6,0.8,0.4,0.9,0,-1
3032,"Ryansoro",2021,6,0.8,0.4,0.9,0,-1
3033,"Vumbi",2021,6,0.8,0.4,0.9,0,-1
3034,"Zone Centre",2021,6,0.8,0.4,0.9,0,-1
3035,"Zone Nord",2021,6,0.8,0.4,0.9,0,-1
3036,"Zone Sud",2021,6,0.8,0.4,0.9,0,-1
3497,"Bubanza",2021,7,0.8,0.4,0.9,0,-1
3498,"Bugarama",2021,7,0.8,0.4,0.9,0,-1
3499,"Buhiga",2021,7,0.801,0.4005,0.9,0,-1
3500,"Bururi",2021,7,0.8,0.4,0.9,0,-1
3501,"Busoni",2021,7,0.8,0.4,0.9,0,-1
3502,"Butezi",2021,7,0.8,0.4,0.9,0,-1
3503,"Buye",2021,7,0.8,0.4,0.9,0,-1
3504,"Cankuzo",2021,7,0.8,0.4,0.9,0,-1
3505,"Cibitoke",2021,7,0.8,0.4,0.9,0,-1
3506,"Fota",2021,7,0.8,0.4,0.9,0,-1
3507,"Gahombo",2021,7,0.8,0.4,0.9,0,-1
3508,"Gashoho",2021,7,0.84,0.42,0.9,0,-1
3509,"Gihofi",2021,7,0.8,0.4,0.9,0,-1
3510,"Gitega",2021,7,0.8,0.4,0.9,0,-1
3511,"Giteranyi",2021,7,0.8,0.4,0.9,0,-1
3512,"Isale",2021,7,0.8,0.4,0.9,0,-1
3513,"Kabezi",2021,7,0.8,0.4,0.9,0,-1
3514,"Kayanza",2021,7,0.8,0.4,0.9,0,-1
3515,"Kibumbu",2021,7,0.8,0.4,0.9,0,-1
3516,"Kibuye",2021,7,0.8,0.4,0.9,0,-1
3517,"Kiganda",2021,7,0.8,0.4,0.9,0,-1
3518,"Kinyinya",2021,7,0.824,0.412,0.9,0,-1
3519,"Kiremba",2021,7,0.8,0.4,0.9,0,-1
3520,"Kirundo",2021,7,0.8,0.4,0.9,0,-1
3521,"Mabayi",2021,7,0.8,0.4,0.9,0,-1
3522,"Makamba",2021,7,0.8,0.4,0.9,0,-1
3523,"Matana",2021,7,0.8,0.4,0.9,0,-1
3524,"Mpanda",2021,7,0.8,0.4,0.9,0,-1
3525,"Mukenke",2021,7,0.855,0.4275,0.9,0,-1
3526,"Muramvya",2021,7,0.8,0.4,0.9,0,-1
3527,"Murore",2021,7,0.8,0.4,0.9,0,-1
3528,"Musema",2021,7,0.8,0.4,0.9,0,-1
3529,"Mutaho",2021,7,0.815,0.4075,0.9,0,-1
3530,"Muyinga",2021,7,0.8,0.4,0.9,0,-1
3531,"Ngozi",2021,7,0.8,0.4,0.9,0,-1
3532,"Nyabikere",2021,7,0.914,0.457,0.9,0,-1
3533,"Nyanza-Lac",2021,7,0.8,0.4,0.9,0,-1
3534,"Rumonge",2021,7,0.8,0.4,0.9,0,-1
3535,"Rutana",2021,7,0.8,0.4,0.9,0,-1
3536,"Ruyigi",2021,7,0.8,0.4,0.9,0,-1
3537,"Rwibaga",2021,7,0.8,0.4,0.9,0,-1
3538,"Ryansoro",2021,7,0.8,0.4,0.9,0,-1
3539,"Vumbi",2021,7,0.8,0.4,0.9,0,-1
3540,"Zone Centre",2021,7,0.8,0.4,0.9,0,-1
3541,"Zone Nord",2021,7,0.8,0.4,0.9,0,-1
3542,"Zone Sud",2021,7,0.8,0.4,0.9,0,-1
4003,"Bubanza",2021,8,0.8,0.4,0.9,0,-1
4004,"Bugarama",2021,8,0.8,0.4,0.9,0,-1
4005,"Buhiga",2021,8,0.8,0.4,0.9,0,-1
4006,"Bururi",2021,8,0.8,0.4,0.9,0,-1
4007,"Busoni",2021,8,0.8,0.4,0.9,0,-1
4008,"Butezi",2021,8,0.8,0.4,0.9,0,-1
4009,"Buye",2021,8,0.8,0.4,0.9,0,-1
4010,"Cankuzo",2021,8,0.833,0.4165,0.9,0,-1
4011,"Cibitoke",2021,8,0.8,0.4,0.9,0,-1
4012,"Fota",2021,8,0.8,0.4,0.9,0,-1
4013,"Gahombo",2021,8,0.8,0.4,0.9,0,-1
4014,"Gashoho",2021,8,0.805,0.4025,0.9,0,-1
4015,"Gihofi",2021,8,0.8,0.4,0.9,0,-1
4016,"Gitega",2021,8,0.8,0.4,0.9,0,-1
4017,"Giteranyi",2021,8,0.8,0.4,0.9,0,-1
4018,"Isale",2021,8,0.8,0.4,0.9,0,-1
4019,"Kabezi",2021,8,0.8,0.4,0.9,0,-1
4020,"Kayanza",2021,8,0.8,0.4,0.9,0,-1
4021,"Kibumbu",2021,8,0.8,0.4,0.9,0,-1
4022,"Kibuye",2021,8,0.8,0.4,0.9,0,-1
4023,"Kiganda",2021,8,0.8,0.4,0.9,0,-1
4024,"Kinyinya",2021,8,0.8,0.4,0.9,0,-1
4025,"Kiremba",2021,8,0.8,0.4,0.9,0,-1
4026,"Kirundo",2021,8,0.818,0.409,0.9,0,-1
4027,"Mabayi",2021,8,0.8,0.4,0.9,0,-1
4028,"Makamba",2021,8,0.8,0.4,0.9,0,-1
4029,"Matana",2021,8,0.8,0.4,0.9,0,-1
4030,"Mpanda",2021,8,0.8,0.4,0.9,0,-1
4031,"Mukenke",2021,8,0.855,0.4275,0.9,0,-1
4032,"Muramvya",2021,8,0.8,0.4,0.9,0,-1
4033,"Murore",2021,8,0.8,0.4,0.9,0,-1
4034,"Musema",2021,8,0.8,0.4,0.9,0,-1
4035,"Mutaho",2021,8,0.8,0.4,0.9,0,-1
4036,"Muyinga",2021,8,0.8,0.4,0.9,0,-1
4037,"Ngozi",2021,8,0.8,0.4,0.9,0,-1
4038,"Nyabikere",2021,8,0.867,0.4335,0.9,0,-1
4039,"Nyanza-Lac",2021,8,0.8,0.4,0.9,0,-1
4040,"Rumonge",2021,8,0.8,0.4,0.9,0,-1
4041,"Rutana",2021,8,0.8,0.4,0.9,0,-1
4042,"Ruyigi",2021,8,0.8,0.4,0.9,0,-1
4043,"Rwibaga",2021,8,0.8,0.4,0.9,0,-1
4044,"Ryansoro",2021,8,0.8,0.4,0.9,0,-1
4045,"Vumbi",2021,8,0.8,0.4,0.9,0,-1
4046,"Zone Centre",2021,8,0.8,0.4,0.9,0,-1
4047,"Zone Nord",2021,8,0.8,0.4,0.9,0,-1
4048,"Zone Sud",2021,8,0.8,0.4,0.9,0,-1
4509,"Bubanza",2021,9,0.8,0.4,0.9,0,-1
4510,"Bugarama",2021,9,0.8,0.4,0.9,0,-1
4511,"Buhiga",2021,9,0.8,0.4,0.9,0,-1
4512,"Bururi",2021,9,0.8,0.4,0.9,0,-1
4513,"Busoni",2021,9,0.8,0.4,0.9,0,-1
4514,"Butezi",2021,9,0.8,0.4,0.9,0,-1
4515,"Buye",2021,9,0.8,0.4,0.9,0,-1
4516,"Cankuzo",2021,9,0.8,0.4,0.9,0,-1
4517,"Cibitoke",2021,9,0.8,0.4,0.9,0,-1
4518,"Fota",2021,9,0.8,0.4,0.9,0,-1
4519,"Gahombo",2021,9,0.8,0.4,0.9,0,-1
4520,"Gashoho",2021,9,0.8,0.4,0.9,0,-1
4521,"Gihofi",2021,9,0.8,0.4,0.9,0,-1
4522,"Gitega",2021,9,0.8,0.4,0.9,0,-1
4523,"Giteranyi",2021,9,0.8,0.4,0.9,0,-1
4524,"Isale",2021,9,0.8,0.4,0.9,0,-1
4525,"Kabezi",2021,9,0.8,0.4,0.9,0,-1
4526,"Kayanza",2021,9,0.8,0.4,0.9,0,-1
4527,"Kibumbu",2021,9,0.8,0.4,0.9,0,-1
4528,"Kibuye",2021,9,0.8,0.4,0.9,0,-1
4529,"Kiganda",2021,9,0.8,0.4,0.9,0,-1
4530,"Kinyinya",2021,9,0.8,0.4,0.9,0,-1
4531,"Kiremba",2021,9,0.8,0.4,0.9,0,-1
4532,"Kirundo",2021,9,0.8,0.4,0.9,0,-1
4533,"Mabayi",2021,9,0.8,0.4,0.9,0,-1
4534,"Makamba",2021,9,0.8,0.4,0.9,0,-1
4535,"Matana",2021,9,0.8,0.4,0.9,0,-1
4536,"Mpanda",2021,9,0.8,0.4,0.9,0,-1
4537,"Mukenke",2021,9,0.891,0.4455,0.9,0,-1
4538,"Muramvya",2021,9,0.8,0.4,0.9,0,-1
4539,"Murore",2021,9,0.8,0.4,0.9,0,-1
4540,"Musema",2021,9,0.803,0.4015,0.9,0,-1
4541,"Mutaho",2021,9,0.8,0.4,0.9,0,-1
4542,"Muyinga",2021,9,0.8,0.4,0.9,0,-1
4543,"Ngozi",2021,9,0.8,0.4,0.9,0,-1
4544,"Nyabikere",2021,9,0.845,0.4225,0.9,0,-1
4545,"Nyanza-Lac",2021,9,0.8,0.4,0.9,0,-1
4546,"Rumonge",2021,9,0.8,0.4,0.9,0,-1
4547,"Rutana",2021,9,0.8,0.4,0.9,0,-1
4548,"Ruyigi",2021,9,0.8,0.4,0.9,0,-1
4549,"Rwibaga",2021,9,0.8,0.4,0.9,0,-1
4550,"Ryansoro",2021,9,0.8,0.4,0.9,0,-1
4551,"Vumbi",2021,9,0.8,0.4,0.9,0,-1
4552,"Zone Centre",2021,9,0.8,0.4,0.9,0,-1
4553,"Zone Nord",2021,9,0.8,0.4,0.9,0,-1
4554,"Zone Sud",2021,9,0.8,0.4,0.9,0,-1
5015,"Bubanza",2021,10,0.8,0.4,0.9,0,-1
5016,"Bugarama",2021,10,0.8,0.4,0.9,0,-1
5017,"Buhiga",2021,10,0.8,0.4,0.9,0,-1
5018,"Bururi",2021,10,0.8,0.4,0.9,0,-1
5019,"Busoni",2021,10,0.8,0.4,0.9,0,-1
5020,"Butezi",2021,10,0.8,0.4,0.9,0,-1
5021,"Buye",2021,10,0.8,0.4,0.9,0,-1
5022,"Cankuzo",2021,10,0.805,0.4025,0.9,0,-1
5023,"Cibitoke",2021,10,0.8,0.4,0.9,0,-1
5024,"Fota",2021,10,0.8,0.4,0.9,0,-1
5025,"Gahombo",2021,10,0.8,0.4,0.9,0,-1
5026,"Gashoho",2021,10,0.833,0.4165,0.9,0,-1
5027,"Gihofi",2021,10,0.8,0.4,0.9,0,-1
5028,"Gitega",2021,10,0.8,0.4,0.9,0,-1
5029,"Giteranyi",2021,10,0.82,0.41,0.9,0,-1
5030,"Isale",2021,10,0.8,0.4,0.9,0,-1
5031,"Kabezi",2021,10,0.8,0.4,0.9,0,-1
5032,"Kayanza",2021,10,0.8,0.4,0.9,0,-1
5033,"Kibumbu",2021,10,0.8,0.4,0.9,0,-1
5034,"Kibuye",2021,10,0.8,0.4,0.9,0,-1
5035,"Kiganda",2021,10,0.8,0.4,0.9,0,-1
5036,"Kinyinya",2021,10,0.816,0.408,0.9,0,-1
5037,"Kiremba",2021,10,0.8,0.4,0.9,0,-1
5038,"Kirundo",2021,10,0.8,0.4,0.9,0,-1
5039,"Mabayi",2021,10,0.8,0.4,0.9,0,-1
5040,"Makamba",2021,10,0.8,0.4,0.9,0,-1
5041,"Matana",2021,10,0.8,0.4,0.9,0,-1
5042,"Mpanda",2021,10,0.8,0.4,0.9,0,-1
5043,"Mukenke",2021,10,0.8,0.4,0.9,0,-1
5044,"Muramvya",2021,10,0.8,0.4,0.9,0,-1
5045,"Murore",2021,10,0.8,0.4,0.9,0,-1
5046,"Musema",2021,10,0.8,0.4,0.9,0,-1
5047,"Mutaho",2021,10,0.8,0.4,0.9,0,-1
5048,"Muyinga",2021,10,0.8,0.4,0.9,0,-1
5049,"Ngozi",2021,10,0.8,0.4,0.9,0,-1
5050,"Nyabikere",2021,10,0.904,0.452,0.9,0,-1
5051,"Nyanza-Lac",2021,10,0.8,0.4,0.9,0,-1
5052,"Rumonge",2021,10,0.8,0.4,0.9,0,-1
5053,"Rutana",2021,10,0.8,0.4,0.9,0,-1
5054,"Ruyigi",2021,10,0.8,0.4,0.9,0,-1
5055,"Rwibaga",2021,10,0.8,0.4,0.9,0,-1
5056,"Ryansoro",2021,10,0.8,0.4,0.9,0,-1
5057,"Vumbi",2021,10,0.8,0.4,0.9,0,-1
5058,"Zone Centre",2021,10,0.8,0.4,0.9,0,-1
5059,"Zone Nord",2021,10,0.8,0.4,0.9,0,-1
5060,"Zone Sud",2021,10,0.8,0.4,0.9,0,-1
5521,"Bubanza",2021,11,0.8,0.4,0.9,0,-1
5522,"Bugarama",2021,11,0.8,0.4,0.9,0,-1
5523,"Buhiga",2021,11,0.8,0.4,0.9,0,-1
5524,"Bururi",2021,11,0.8,0.4,0.9,0,-1
5525,"Busoni",2021,11,0.8,0.4,0.9,0,-1
5526,"Butezi",2021,11,0.8,0.4,0.9,0,-1
5527,"Buye",2021,11,0.8,0.4,0.9,0,-1
5528,"Cankuzo",2021,11,0.8,0.4,0.9,0,-1
5529,"Cibitoke",2021,11,0.8,0.4,0.9,0,-1
5530,"Fota",2021,11,0.8,0.4,0.9,0,-1
5531,"Gahombo",2021,11,0.8,0.4,0.9,0,-1
5532,"Gashoho",2021,11,0.806,0.403,0.9,0,-1
5533,"Gihofi",2021,11,0.8,0.4,0.9,0,-1
5534,"Gitega",2021,11,0.8,0.4,0.9,0,-1
5535,"Giteranyi",2021,11,0.826,0.413,0.9,0,-1
5536,"Isale",2021,11,0.8,0.4,0.9,0,-1
5537,"Kabezi",2021,11,0.8,0.4,0.9,0,-1
5538,"Kayanza",2021,11,0.8,0.4,0.9,0,-1
5539,"Kibumbu",2021,11,0.8,0.4,0.9,0,-1
5540,"Kibuye",2021,11,0.8,0.4,0.9,0,-1
5541,"Kiganda",2021,11,0.8,0.4,0.9,0,-1
5542,"Kinyinya",2021,11,0.8,0.4,0.9,0,-1
5543,"Kiremba",2021,11,0.8,0.4,0.9,0,-1
5544,"Kirundo",2021,11,0.8,0.4,0.9,0,-1
5545,"Mabayi",2021,11,0.8,0.4,0.9,0,-1
5546,"Makamba",2021,11,0.8,0.4,0.9,0,-1
5547,"Matana",2021,11,0.8,0.4,0.9,0,-1
5548,"Mpanda",2021,11,0.8,0.4,0.9,0,-1
5549,"Mukenke",2021,11,0.89,0.445,0.9,0,-1
5550,"Muramvya",2021,11,0.8,0.4,0.9,0,-1
5551,"Murore",2021,11,0.8,0.4,0.9,0,-1
5552,"Musema",2021,11,0.8,0.4,0.9,0,-1
5553,"Mutaho",2021,11,0.833,0.4165,0.9,0,-1
5554,"Muyinga",2021,11,0.8,0.4,0.9,0,-1
5555,"Ngozi",2021,11,0.8,0.4,0.9,0,-1
5556,"Nyabikere",2021,11,0.87,0.435,0.9,0,-1
5557,"Nyanza-Lac",2021,11,0.8,0.4,0.9,0,-1
5558,"Rumonge",2021,11,0.8,0.4,0.9,0,-1
5559,"Rutana",2021,11,0.8,0.4,0.9,0,-1
5560,"Ruyigi",2021,11,0.8,0.4,0.9,0,-1
5561,"Rwibaga",2021,11,0.8,0.4,0.9,0,-1
5562,"Ryansoro",2021,11,0.8,0.4,0.9,0,-1
5563,"Vumbi",2021,11,0.8,0.4,0.9,0,-1
5564,"Zone Centre",2021,11,0.8,0.4,0.9,0,-1
5565,"Zone Nord",2021,11,0.8,0.4,0.9,0,-1
5566,"Zone Sud",2021,11,0.8,0.4,0.9,0,-1
6027,"Bubanza",2021,12,0.8,0.4,0.9,0,-1
6028,"Bugarama",2021,12,0.8,0.4,0.9,0,-1
6029,"Buhiga",2021,12,0.8,0.4,0.9,0,-1
6030,"Bururi",2021,12,0.8,0.4,0.9,0,-1
6031,"Busoni",2021,12,0.8,0.4,0.9,0,-1
6032,"Butezi",2021,12,0.8,0.4,0.9,0,-1
6033,"Buye",2021,12,0.8,0.4,0.9,0,-1
6034,"Cankuzo",2021,12,0.804,0.402,0.9,0,-1
6035,"Cibitoke",2021,12,0.8,0.4,0.9,0,-1
6036,"Fota",2021,12,0.8,0.4,0.9,0,-1
6037,"Gahombo",2021,12,0.8,0.4,0.9,0,-1
6038,"Gashoho",2021,12,0.8,0.4,0.9,0,-1
6039,"Gihofi",2021,12,0.8,0.4,0.9,0,-1
6040,"Gitega",2021,12,0.8,0.4,0.9,0,-1
6041,"Giteranyi",2021,12,0.8,0.4,0.9,0,-1
6042,"Isale",2021,12,0.8,0.4,0.9,0,-1
6043,"Kabezi",2021,12,0.8,0.4,0.9,0,-1
6044,"Kayanza",2021,12,0.8,0.4,0.9,0,-1
6045,"Kibumbu",2021,12,0.8,0.4,0.9,0,-1
6046,"Kibuye",2021,12,0.8,0.4,0.9,0,-1
6047,"Kiganda",2021,12,0.8,0.4,0.9,0,-1
6048,"Kinyinya",2021,12,0.8,0.4,0.9,0,-1
6049,"Kiremba",2021,12,0.8,0.4,0.9,0,-1
6050,"Kirundo",2021,12,0.8,0.4,0.9,0,-1
6051,"Mabayi",2021,12,0.8,0.4,0.9,0,-1
6052,"Makamba",2021,12,0.8,0.4,0.9,0,-1
6053,"Matana",2021,12,0.8,0.4,0.9,0,-1
6054,"Mpanda",2021,12,0.8,0.4,0.9,0,-1
6055,"Mukenke",2021,12,0.853,0.4265,0.9,0,-1
6056,"Muramvya",2021,12,0.8,0.4,0.9,0,-1
6057,"Murore",2021,12,0.8,0.4,0.9,0,-1
6058,"Musema",2021,12,0.8,0.4,0.9,0,-1
6059,"Mutaho",2021,12,0.8,0.4,0.9,0,-1
6060,"Muyinga",2021,12,0.8,0.4,0.9,0,-1
6061,"Ngozi",2021,12,0.8,0.4,0.9,0,-1
6062,"Nyabikere",2021,12,0.849,0.4245,0.9,0,-1
6063,"Nyanza-Lac",2021,12,0.8,0.4,0.9,0,-1
6064,"Rumonge",2021,12,0.8,0.4,0.9,0,-1
6065,"Rutana",2021,12,0.8,0.4,0.9,0,-1
6066,"Ruyigi",2021,12,0.8,0.4,0.9,0,-1
6067,"Rwibaga",2021,12,0.8,0.4,0.9,0,-1
6068,"Ryansoro",2021,12,0.8,0.4,0.9,0,-1
6069,"Vumbi",2021,12,0.8,0.4,0.9,0,-1
6070,"Zone Centre",2021,12,0.8,0.4,0.9,0,-1
6071,"Zone Nord",2021,12,0.8,0.4,0.9,0,-1
6072,"Zone Sud",2021,12,0.8,0.4,0.9,0,-1
6533,"Bubanza",2021,13,0.8,0.4,0.9,0,-1
6534,"Bugarama",2021,13,0.8,0.4,0.9,0,-1
6535,"Buhiga",2021,13,0.8,0.4,0.9,0,-1
6536,"Bururi",2021,13,0.8,0.4,0.9,0,-1
6537,"Busoni",2021,13,0.8,0.4,0.9,0,-1
6538,"Butezi",2021,13,0.8,0.4,0.9,0,-1
6539,"Buye",2021,13,0.801,0.4005,0.9,0,-1
6540,"Cankuzo",2021,13,0.8,0.4,0.9,0,-1
6541,"Cibitoke",2021,13,0.8,0.4,0.9,0,-1
6542,"Fota",2021,13,0.8,0.4,0.9,0,-1
6543,"Gahombo",2021,13,0.8,0.4,0.9,0,-1
6544,"Gashoho",2021,13,0.818,0.409,0.9,0,-1
6545,"Gihofi",2021,13,0.8,0.4,0.9,0,-1
6546,"Gitega",2021,13,0.8,0.4,0.9,0,-1
6547,"Giteranyi",2021,13,0.8,0.4,0.9,0,-1
6548,"Isale",2021,13,0.8,0.4,0.9,0,-1
6549,"Kabezi",2021,13,0.8,0.4,0.9,0,-1
6550,"Kayanza",2021,13,0.8,0.4,0.9,0,-1
6551,"Kibumbu",2021,13,0.8,0.4,0.9,0,-1
6552,"Kibuye",2021,13,0.8,0.4,0.9,0,-1
6553,"Kiganda",2021,13,0.8,0.4,0.9,0,-1
6554,"Kinyinya",2021,13,0.81,0.405,0.9,0,-1
6555,"Kiremba",2021,13,0.8,0.4,0.9,0,-1
6556,"Kirundo",2021,13,0.806,0.403,0.9,0,-1
6557,"Mabayi",2021,13,0.8,0.4,0.9,0,-1
6558,"Makamba",2021,13,0.8,0.4,0.9,0,-1
6559,"Matana",2021,13,0.8,0.4,0.9,0,-1
6560,"Mpanda",2021,13,0.8,0.4,0.9,0,-1
6561,"Mukenke",2021,13,0.833,0.4165,0.9,0,-1
6562,"Muramvya",2021,13,0.8,0.4,0.9,0,-1
6563,"Murore",2021,13,0.8,0.4,0.9,0,-1
6564,"Musema",2021,13,0.8,0.4,0.9,0,-1
6565,"Mutaho",2021,13,0.8,0.4,0.9,0,-1
6566,"Muyinga",2021,13,0.8,0.4,0.9,0,-1
6567,"Ngozi",2021,13,0.8,0.4,0.9,0,-1
6568,"Nyabikere",2021,13,0.908,0.454,0.9,0,-1
6569,"Nyanza-Lac",2021,13,0.8,0.4,0.9,0,-1
6570,"Rumonge",2021,13,0.8,0.4,0.9,0,-1
6571,"Rutana",2021,13,0.8,0.4,0.9,0,-1
6572,"Ruyigi",2021,13,0.8,0.4,0.9,0,-1
6573,"Rwibaga",2021,13,0.8,0.4,0.9,0,-1
6574,"Ryansoro",2021,13,0.8,0.4,0.9,0,-1
6575,"Vumbi",2021,13,0.8,0.4,0.9,0,-1
6576,"Zone Centre",2021,13,0.8,0.4,0.9,0,-1
6577,"Zone Nord",2021,13,0.8,0.4,0.9,0,-1
6578,"Zone Sud",2021,13,0.8,0.4,0.9,0,-1
7039,"Bubanza",2021,14,0.8,0.4,0.9,0,-1
7040,"Bugarama",2021,14,0.8,0.4,0.9,0,-1
7041,"Buhiga",2021,14,0.817,0.4085,0.9,0,-1
7042,"Bururi",2021,14,0.8,0.4,0.9,0,-1
7043,"Busoni",2021,14,0.8,0.4,0.9,0,-1
7044,"Butezi",2021,14,0.8,0.4,0.9,0,-1
7045,"Buye",2021,14,0.8,0.4,0.9,0,-1
7046,"Cankuzo",2021,14,0.854,0.427,0.9,0,-1
7047,"Cibitoke",2021,14,0.8,0.4,0.9,0,-1
7048,"Fota",2021,14,0.8,0.4,0.9,0,-1
7049,"Gahombo",2021,14,0.8,0.4,0.9,0,-1
7050,"Gashoho",2021,14,0.8,0.4,0.9,0,-1
7051,"Gihofi",2021,14,0.8,0.4,0.9,0,-1
7052,"Gitega",2021,14,0.8,0.4,0.9,0,-1
7053,"Giteranyi",2021,14,0.8,0.4,0.9,0,-1
7054,"Isale",2021,14,0.8,0.4,0.9,0,-1
7055,"Kabezi",2021,14,0.8,0.4,0.9,0,-1
7056,"Kayanza",2021,14,0.8,0.4,0.9,0,-1
7057,"Kibumbu",2021,14,0.8,0.4,0.9,0,-1
7058,"Kibuye",2021,14,0.8,0.4,0.9,0,-1
7059,"Kiganda",2021,14,0.8,0.4,0.9,0,-1
7060,"Kinyinya",2021,14,0.821,0.4105,0.9,0,-1
7061,"Kiremba",2021,14,0.8,0.4,0.9,0,-1
7062,"Kirundo",2021,14,0.808,0.404,0.9,0,-1
7063,"Mabayi",2021,14,0.8,0.4,0.9,0,-1
7064,"Makamba",2021,14,0.8,0.4,0.9,0,-1
7065,"Matana",2021,14,0.8,0.4,0.9,0,-1
7066,"Mpanda",2021,14,0.8,0.4,0.9,0,-1
7067,"Mukenke",2021,14,0.87,0.435,0.9,0,-1
7068,"Muramvya",2021,14,0.8,0.4,0.9,0,-1
7069,"Murore",2021,14,0.8,0.4,0.9,0,-1
7070,"Musema",2021,14,0.8,0.4,0.9,0,-1
7071,"Mutaho",2021,14,0.8,0.4,0.9,0,-1
7072,"Muyinga",2021,14,0.8,0.4,0.9,0,-1
7073,"Ngozi",2021,14,0.8,0.4,0.9,0,-1
7074,"Nyabikere",2021,14,0.857,0.4285,0.9,0,-1
7075,"Nyanza-Lac",2021,14,0.8,0.4,0.9,0,-1
7076,"Rumonge",2021,14,0.8,0.4,0.9,0,-1
7077,"Rutana",2021,14,0.8,0.4,0.9,0,-1
7078,"Ruyigi",2021,14,0.8,0.4,0.9,0,-1
7079,"Rwibaga",2021,14,0.8,0.4,0.9,0,-1
7080,"Ryansoro",2021,14,0.8,0.4,0.9,0,-1
7081,"Vumbi",2021,14,0.8,0.4,0.9,0,-1
7082,"Zone Centre",2021,14,0.8,0.4,0.9,0,-1
7083,"Zone Nord",2021,14,0.8,0.4,0.9,0,-1
7084,"Zone Sud",2021,14,0.8,0.4,0.9,0,-1
7545,"Bubanza",2021,15,0.8,0.4,0.9,0,-1
7546,"Bugarama",2021,15,0.8,0.4,0.9,0,-1
7547,"Buhiga",2021,15,0.8,0.4,0.9,0,-1
7548,"Bururi",2021,15,0.8,0.4,0.9,0,-1
7549,"Busoni",2021,15,0.8,0.4,0.9,0,-1
7550,"Butezi",2021,15,0.8,0.4,0.9,0,-1
7551,"Buye",2021,15,0.8,0.4,0.9,0,-1
7552,"Cankuzo",2021,15,0.8,0.4,0.9,0,-1
7553,"Cibitoke",2021,15,0.8,0.4,0.9,0,-1
7554,"Fota",2021,15,0.8,0.4,0.9,0,-1
7555,"Gahombo",2021,15,0.8,0.4,0.9,0,-1
7556,"Gashoho",2021,15,0.8,0.4,0.9,0,-1
7557,"Gihofi",2021,15,0.8,0.4,0.9,0,-1
7558,"Gitega",2021,15,0.8,0.4,0.9,0,-1
7559,"Giteranyi",2021,15,0.8,0.4,0.9,0,-1
7560,"Isale",2021,15,0.8,0.4,0.9,0,-1
7561,"Kabezi",2021,15,0.8,0.4,0.9,0,-1
7562,"Kayanza",2021,15,0.8,0.4,0.9,0,-1
7563,"Kibumbu",2021,15,0.8,0.4,0.9,0,-1
7564,"Kibuye",2021,15,0.8,0.4,0.9,0,-1
7565,"Kiganda",2021,15,0.8,0.4,0.9,0,-1
7566,"Kinyinya",2021,15,0.8,0.4,0.9,0,-1
7567,"Kiremba",2021,15,0.8,0.4,0.9,0,-1
7568,"Kirundo",2021,15,0.8,0.4,0.9,0,-1
7569,"Mabayi",2021,15,0.8,0.4,0.9,0,-1
7570,"Makamba",2021,15,0.8,0.4,0.9,0,-1
7571,"Matana",2021,15,0.8,0.4,0.9,0,-1
7572,"Mpanda",2021,15,0.8,0.4,0.9,0,-1
7573,"Mukenke",2021,15,0.851,0.4255,0.9,0,-1
7574,"Muramvya",2021,15,0.8,0.4,0.9,0,-1
7575,"Murore",2021,15,0.8,0.4,0.9,0,-1
7576,"Musema",2021,15,0.8,0.4,0.9,0,-1
7577,"Mutaho",2021,15,0.817,0.4085,0.9,0,-1
7578,"Muyinga",2021,15,0.8,0.4,0.9,0,-1
7579,"Ngozi",2021,15,0.8,0.4,0.9,0,-1
7580,"Nyabikere",2021,15,0.92,0.46,0.9,0,-1
7581,"Nyanza-Lac",2021,15,0.8,0.4,0.9,0,-1
7582,"Rumonge",2021,15,0.8,0.4,0.9,0,-1
7583,"Rutana",2021,15,0.8,0.4,0.9,0,-1
7584,"Ruyigi",2021,15,0.8,0.4,0.9,0,-1
7585,"Rwibaga",2021,15,0.8,0.4,0.9,0,-1
7586,"Ryansoro",2021,15,0.8,0.4,0.9,0,-1
7587,"Vumbi",2021,15,0.8,0.4,0.9,0,-1
7588,"Zone Centre",2021,15,0.8,0.4,0.9,0,-1
7589,"Zone Nord",2021,15,0.8,0.4,0.9,0,-1
7590,"Zone Sud",2021,15,0.8,0.4,0.9,0,-1
8051,"Bubanza",2021,16,0.8,0.4,0.9,0,-1
8052,"Bugarama",2021,16,0.8,0.4,0.9,0,-1
8053,"Buhiga",2021,16,0.8,0.4,0.9,0,-1
8054,"Bururi",2021,16,0.8,0.4,0.9,0,-1
8055,"Busoni",2021,16,0.8,0.4,0.9,0,-1
8056,"Butezi",2021,16,0.8,0.4,0.9,0,-1
8057,"Buye",2021,16,0.8,0.4,0.9,0,-1
8058,"Cankuzo",2021,16,0.8,0.4,0.9,0,-1
8059,"Cibitoke",2021,16,0.8,0.4,0.9,0,-1
8060,"Fota",2021,16,0.8,0.4,0.9,0,-1
8061,"Gahombo",2021,16,0.8,0.4,0.9,0,-1
8062,"Gashoho",2021,16,0.81,0.405,0.9,0,-1
8063,"Gihofi",2021,16,0.8,0.4,0.9,0,-1
8064,"Gitega",2021,16,0.8,0.4,0.9,0,-1
8065,"Giteranyi",2021,16,0.809,0.4045,0.9,0,-1
8066,"Isale",2021,16,0.8,0.4,0.9,0,-1
8067,"Kabezi",2021,16,0.8,0.4,0.9,0,-1
8068,"Kayanza",2021,16,0.8,0.4,0.9,0,-1
8069,"Kibumbu",2021,16,0.8,0.4,0.9,0,-1
8070,"Kibuye",2021,16,0.8,0.4,0.9,0,-1
8071,"Kiganda",2021,16,0.8,0.4,0.9,0,-1
8072,"Kinyinya",2021,16,0.8,0.4,0.9,0,-1
8073,"Kiremba",2021,16,0.8,0.4,0.9,0,-1
8074,"Kirundo",2021,16,0.8,0.4,0.9,0,-1
8075,"Mabayi",2021,16,0.8,0.4,0.9,0,-1
8076,"Makamba",2021,16,0.8,0.4,0.9,0,-1
8077,"Matana",2021,16,0.8,0.4,0.9,0,-1
8078,"Mpanda",2021,16,0.8,0.4,0.9,0,-1
8079,"Mukenke",2021,16,0.883,0.4415,0.9,0,-1
8080,"Muramvya",2021,16,0.8,0.4,0.9,0,-1
8081,"Murore",2021,16,0.8,0.4,0.9,0,-1
8082,"Musema",2021,16,0.8,0.4,0.9,0,-1
8083,"Mutaho",2021,16,0.8,0.4,0.9,0,-1
8084,"Muyinga",2021,16,0.8,0.4,0.9,0,-1
8085,"Ngozi",2021,16,0.8,0.4,0.9,0,-1
8086,"Nyabikere",2021,16,0.8,0.4,0.9,0,-1
8087,"Nyanza-Lac",2021,16,0.8,0.4,0.9,0,-1
8088,"Rumonge",2021,16,0.8,0.4,0.9,0,-1
8089,"Rutana",2021,16,0.8,0.4,0.9,0,-1
8090,"Ruyigi",2021,16,0.8,0.4,0.9,0,-1
8091,"Rwibaga",2021,16,0.8,0.4,0.9,0,-1
8092,"Ryansoro",2021,16,0.8,0.4,0.9,0,-1
8093,"Vumbi",2021,16,0.8,0.4,0.9,0,-1
8094,"Zone Centre",2021,16,0.8,0.4,0.9,0,-1
8095,"Zone Nord",2021,16,0.8,0.4,0.9,0,-1
8096,"Zone Sud",2021,16,0.8,0.4,0.9,0,-1
8557,"Bubanza",2021,17,0.8,0.4,0.9,0,-1
8558,"Bugarama",2021,17,0.8,0.4,0.9,0,-1
8559,"Buhiga",2021,17,0.8,0.4,0.9,0,-1
8560,"Bururi",2021,17,0.8,0.4,0.9,0,-1
8561,"Busoni",2021,17,0.8,0.4,0.9,0,-1
8562,"Butezi",2021,17,0.8,0.4,0.9,0,-1
8563,"Buye",2021,17,0.8,0.4,0.9,0,-1
8564,"Cankuzo",2021,17,0.803,0.4015,0.9,0,-1
8565,"Cibitoke",2021,17,0.8,0.4,0.9,0,-1
8566,"Fota",2021,17,0.8,0.4,0.9,0,-1
8567,"Gahombo",2021,17,0.8,0.4,0.9,0,-1
8568,"Gashoho",2021,17,0.8,0.4,0.9,0,-1
8569,"Gihofi",2021,17,0.8,0.4,0.9,0,-1
8570,"Gitega",2021,17,0.8,0.4,0.9,0,-1
8571,"Giteranyi",2021,17,0.8,0.4,0.9,0,-1
8572,"Isale",2021,17,0.8,0.4,0.9,0,-1
8573,"Kabezi",2021,17,0.8,0.4,0.9,0,-1
8574,"Kayanza",2021,17,0.8,0.4,0.9,0,-1
8575,"Kibumbu",2021,17,0.8,0.4,0.9,0,-1
8576,"Kibuye",2021,17,0.8,0.4,0.9,0,-1
8577,"Kiganda",2021,17,0.8,0.4,0.9,0,-1
8578,"Kinyinya",2021,17,0.8,0.4,0.9,0,-1
8579,"Kiremba",2021,17,0.8,0.4,0.9,0,-1
8580,"Kirundo",2021,17,0.8,0.4,0.9,0,-1
8581,"Mabayi",2021,17,0.8,0.4,0.9,0,-1
8582,"Makamba",2021,17,0.8,0.4,0.9,0,-1
8583,"Matana",2021,17,0.8,0.4,0.9,0,-1
8584,"Mpanda",2021,17,0.8,0.4,0.9,0,-1
8585,"Mukenke",2021,17,0.838,0.419,0.9,0,-1
8586,"Muramvya",2021,17,0.8,0.4,0.9,0,-1
8587,"Murore",2021,17,0.8,0.4,0.9,0,-1
8588,"Musema",2021,17,0.8,0.4,0.9,0,-1
8589,"Mutaho",2021,17,0.8,0.4,0.9,0,-1
8590,"Muyinga",2021,17,0.8,0.4,0.9,0,-1
8591,"Ngozi",2021,17,0.8,0.4,0.9,0,-1
8592,"Nyabikere",2021,17,0.873,0.4365,0.9,0,-1
8593,"Nyanza-Lac",2021,17,0.8,0.4,0.9,0,-1
8594,"Rumonge",2021,17,0.8,0.4,0.9,0,-1
8595,"Rutana",2021,17,0.8,0.4,0.9,0,-1
8596,"Ruyigi",2021,17,0.8,0.4,0.9,0,-1
8597,"Rwibaga",2021,17,0.8,0.4,0.9,0,-1
8598,"Ryansoro",2021,17,0.8,0.4,0.9,0,-1
8599,"Vumbi",2021,17,0.8,0.4,0.9,0,-1
8600,"Zone Centre",2021,17,0.8,0.4,0.9,0,-1
8601,"Zone Nord",2021,17,0.8,0.4,0.9,0,-1
8602,"Zone Sud",2021,17,0.8,0.4,0.9,0,-1
9063,"Bubanza",2021,18,0.8,0.4,0.9,0,-1
9064,"Bugarama",2021,18,0.8,0.4,0.9,0,-1
9065,"Buhiga",2021,18,0.816,0.408,0.9,0,-1
9066,"Bururi",2021,18,0.8,0.4,0.9,0,-1
9067,"Busoni",2021,18,0.8,0.4,0.9,0,-1
9068,"Butezi",2021,18,0.8,0.4,0.9,0,-1
9069,"Buye",2021,18,0.8,0.4,0.9,0,-1
9070,"Cankuzo",2021,18,0.844,0.422,0.9,0,-1
9071,"Cibitoke",2021,18,0.8,0.4,0.9,0,-1
9072,"Fota",2021,18,0.8,0.4,0.9,0,-1
9073,"Gahombo",2021,18,0.8,0.4,0.9,0,-1
9074,"Gashoho",2021,18,0.8,0.4,0.9,0,-1
9075,"Gihofi",2021,18,0.8,0.4,0.9,0,-1
9076,"Gitega",2021,18,0.8,0.4,0.9,0,-1
9077,"Giteranyi",2021,18,0.8,0.4,0.9,0,-1
9078,"Isale",2021,18,0.8,0.4,0.9,0,-1
9079,"Kabezi",2021,18,0.8,0.4,0.9,0,-1
9080,"Kayanza",2021,18,0.8,0.4,0.9,0,-1
9081,"Kibumbu",2021,18,0.8,0.4,0.9,0,-1
9082,"Kibuye",2021,18,0.8,0.4,0.9,0,-1
9083,"Kiganda",2021,18,0.8,0.4,0.9,0,-1
9084,"Kinyinya",2021,18,0.8,0.4,0.9,0,-1
9085,"Kiremba",2021,18,0.8,0.4,0.9,0,-1
9086,"Kirundo",2021,18,0.8,0.4,0.9,0,-1
9087,"Mabayi",2021,18,0.8,0.4,0.9,0,-1
9088,"Makamba",2021,18,0.8,0.4,0.9,0,-1
9089,"Matana",2021,18,0.8,0.4,0.9,0,-1
9090,"Mpanda",2021,18,0.8,0.4,0.9,0,-1
9091,"Mukenke",2021,18,0.815,0.4075,0.9,0,-1
9092,"Muramvya",2021,18,0.8,0.4,0.9,0,-1
9093,"Murore",2021,18,0.8,0.4,0.9,0,-1
9094,"Musema",2021,18,0.8,0.4,0.9,0,-1
9095,"Mutaho",2021,18,0.8,0.4,0.9,0,-1
9096,"Muyinga",2021,18,0.8,0.4,0.9,0,-1
9097,"Ngozi",2021,18,0.8,0.4,0.9,0,-1
9098,"Nyabikere",2021,18,0.876,0.438,0.9,0,-1
9099,"Nyanza-Lac",2021,18,0.8,0.4,0.9,0,-1
9100,"Rumonge",2021,18,0.8,0.4,0.9,0,-1
9101,"Rutana",2021,18,0.8,0.4,0.9,0,-1
9102,"Ruyigi",2021,18,0.8,0.4,0.9,0,-1
9103,"Rwibaga",2021,18,0.8,0.4,0.9,0,-1
9104,"Ryansoro",2021,18,0.8,0.4,0.9,0,-1
9105,"Vumbi",2021,18,0.8,0.4,0.9,0,-1
9106,"Zone Centre",2021,18,0.8,0.4,0.9,0,-1
9107,"Zone Nord",2021,18,0.8,0.4,0.9,0,-1
9108,"Zone Sud",2021,18,0.8,0.4,0.9,0,-1
9569,"Bubanza",2021,19,0.8,0.4,0.9,0,-1
9570,"Bugarama",2021,19,0.8,0.4,0.9,0,-1
9571,"Buhiga",2021,19,0.8,0.4,0.9,0,-1
9572,"Bururi",2021,19,0.8,0.4,0.9,0,-1
9573,"Busoni",2021,19,0.8,0.4,0.9,0,-1
9574,"Butezi",2021,19,0.8,0.4,0.9,0,-1
9575,"Buye",2021,19,0.8,0.4,0.9,0,-1
9576,"Cankuzo",2021,19,0.844,0.422,0.9,0,-1
9577,"Cibitoke",2021,19,0.8,0.4,0.9,0,-1
9578,"Fota",2021,19,0.8,0.4,0.9,0,-1
9579,"Gahombo",2021,19,0.8,0.4,0.9,0,-1
9580,"Gashoho",2021,19,0.8,0.4,0.9,0,-1
9581,"Gihofi",2021,19,0.8,0.4,0.9,0,-1
9582,"Gitega",2021,19,0.8,0.4,0.9,0,-1
9583,"Giteranyi",2021,19,0.846,0.423,0.9,0,-1
9584,"Isale",2021,19,0.8,0.4,0.9,0,-1
9585,"Kabezi",2021,19,0.8,0.4,0.9,0,-1
9586,"Kayanza",2021,19,0.8,0.4,0.9,0,-1
9587,"Kibumbu",2021,19,0.8,0.4,0.9,0,-1
9588,"Kibuye",2021,19,0.8,0.4,0.9,0,-1
9589,"Kiganda",2021,19,0.8,0.4,0.9,0,-1
9590,"Kinyinya",2021,19,0.836,0.418,0.9,0,-1
9591,"Kiremba",2021,19,0.8,0.4,0.9,0,-1
9592,"Kirundo",2021,19,0.8,0.4,0.9,0,-1
9593,"Mabayi",2021,19,0.8,0.4,0.9,0,-1
9594,"Makamba",2021,19,0.8,0.4,0.9,0,-1
9595,"Matana",2021,19,0.8,0.4,0.9,0,-1
9596,"Mpanda",2021,19,0.8,0.4,0.9,0,-1
9597,"Mukenke",2021,19,0.8,0.4,0.9,0,-1
9598,"Muramvya",2021,19,0.8,0.4,0.9,0,-1
9599,"Murore",2021,19,0.8,0.4,0.9,0,-1
9600,"Musema",2021,19,0.8,0.4,0.9,0,-1
9601,"Mutaho",2021,19,0.8,0.4,0.9,0,-1
9602,"Muyinga",2021,19,0.8,0.4,0.9,0,-1
9603,"Ngozi",2021,19,0.8,0.4,0.9,0,-1
9604,"Nyabikere",2021,19,0.865,0.4325,0.9,0,-1
9605,"Nyanza-Lac",2021,19,0.8,0.4,0.9,0,-1
9606,"Rumonge",2021,19,0.8,0.4,0.9,0,-1
9607,"Rutana",2021,19,0.8,0.4,0.9,0,-1
9608,"Ruyigi",2021,19,0.8,0.4,0.9,0,-1
9609,"Rwibaga",2021,19,0.8,0.4,0.9,0,-1
9610,"Ryansoro",2021,19,0.8,0.4,0.9,0,-1
9611,"Vumbi",2021,19,0.8,0.4,0.9,0,-1
9612,"Zone Centre",2021,19,0.8,0.4,0.9,0,-1
9613,"Zone Nord",2021,19,0.8,0.4,0.9,0,-1
9614,"Zone Sud",2021,19,0.8,0.4,0.9,0,-1
10075,"Bubanza",2021,20,0.8,0.4,0.9,0,-1
10076,"Bugarama",2021,20,0.8,0.4,0.9,0,-1
10077,"Buhiga",2021,20,0.8,0.4,0.9,0,-1
10078,"Bururi",2021,20,0.8,0.4,0.9,0,-1
10079,"Busoni",2021,20,0.8,0.4,0.9,0,-1
10080,"Butezi",2021,20,0.8,0.4,0.9,0,-1
10081,"Buye",2021,20,0.8,0.4,0.9,0,-1
10082,"Cankuzo",2021,20,0.8,0.4,0.9,0,-1
10083,"Cibitoke",2021,20,0.8,0.4,0.9,0,-1
10084,"Fota",2021,20,0.8,0.4,0.9,0,-1
10085,"Gahombo",2021,20,0.8,0.4,0.9,0,-1
10086,"Gashoho",2021,20,0.8,0.4,0.9,0,-1
10087,"Gihofi",2021,20,0.8,0.4,0.9,0,-1
10088,"Gitega",2021,20,0.8,0.4,0.9,0,-1
10089,"Giteranyi",2021,20,0.8,0.4,0.9,0,-1
10090,"Isale",2021,20,0.8,0.4,0.9,0,-1
10091,"Kabezi",2021,20,0.8,0.4,0.9,0,-1
10092,"Kayanza",2021,20,0.8,0.4,0.9,0,-1
10093,"Kibumbu",2021,20,0.8,0.4,0.9,0,-1
10094,"Kibuye",2021,20,0.8,0.4,0.9,0,-1
10095,"Kiganda",2021,20,0.8,0.4,0.9,0,-1
10096,"Kinyinya",2021,20,0.8,0.4,0.9,0,-1
10097,"Kiremba",2021,20,0.8,0.4,0.9,0,-1
10098,"Kirundo",2021,20,0.8,0.4,0.9,0,-1
10099,"Mabayi",2021,20,0.8,0.4,0.9,0,-1
10100,"Makamba",2021,20,0.8,0.4,0.9,0,-1
10101,"Matana",2021,20,0.8,0.4,0.9,0,-1
10102,"Mpanda",2021,20,0.8,0.4,0.9,0,-1
10103,"Mukenke",2021,20,0.868,0.434,0.9,0,-1
10104,"Muramvya",2021,20,0.8,0.4,0.9,0,-1
10105,"Murore",2021,20,0.8,0.4,0.9,0,-1
10106,"Musema",2021,20,0.8,0.4,0.9,0,-1
10107,"Mutaho",2021,20,0.8,0.4,0.9,0,-1
10108,"Muyinga",2021,20,0.8,0.4,0.9,0,-1
10109,"Ngozi",2021,20,0.8,0.4,0.9,0,-1
10110,"Nyabikere",2021,20,0.844,0.422,0.9,0,-1
10111,"Nyanza-Lac",2021,20,0.8,0.4,0.9,0,-1
10112,"Rumonge",2021,20,0.8,0.4,0.9,0,-1
10113,"Rutana",2021,20,0.8,0.4,0.9,0,-1
10114,"Ruyigi",2021,20,0.8,0.4,0.9,0,-1
10115,"Rwibaga",2021,20,0.8,0.4,0.9,0,-1
10116,"Ryansoro",2021,20,0.8,0.4,0.9,0,-1
10117,"Vumbi",2021,20,0.8,0.4,0.9,0,-1
10118,"Zone Centre",2021,20,0.8,0.4,0.9,0,-1
10119,"Zone Nord",2021,20,0.8,0.4,0.9,0,-1
10120,"Zone Sud",2021,20,0.8,0.4,0.9,0,-1
10581,"Bubanza",2021,21,0.8,0.4,0.9,0,-1
10582,"Bugarama",2021,21,0.8,0.4,0.9,0,-1
10583,"Buhiga",2021,21,0.8,0.4,0.9,0,-1
10584,"Bururi",2021,21,0.8,0.4,0.9,0,-1
10585,"Busoni",2021,21,0.8,0.4,0.9,0,-1
10586,"Butezi",2021,21,0.8,0.4,0.9,0,-1
10587,"Buye",2021,21,0.8,0.4,0.9,0,-1
10588,"Cankuzo",2021,21,0.8,0.4,0.9,0,-1
10589,"Cibitoke",2021,21,0.8,0.4,0.9,0,-1
10590,"Fota",2021,21,0.8,0.4,0.9,0,-1
10591,"Gahombo",2021,21,0.8,0.4,0.9,0,-1
10592,"Gashoho",2021,21,0.8,0.4,0.9,0,-1
10593,"Gihofi",2021,21,0.8,0.4,0.9,0,-1
10594,"Gitega",2021,21,0.8,0.4,0.9,0,-1
10595,"Giteranyi",2021,21,0.833,0.4165,0.9,0,-1
10596,"Isale",2021,21,0.8,0.4,0.9,0,-1
10597,"Kabezi",2021,21,0.8,0.4,0.9,0,-1
10598,"Kayanza",2021,21,0.8,0.4,0.9,0,-1
10599,"Kibumbu",2021,21,0.8,0.4,0.9,0,-1
10600,"Kibuye",2021,21,0.8,0.4,0.9,0,-1
10601,"Kiganda",2021,21,0.8,0.4,0.9,0,-1
10602,"Kinyinya",2021,21,0.8,0.4,0.9,0,-1
10603,"Kiremba",2021,21,0.8,0.4,0.9,0,-1
10604,"Kirundo",2021,21,0.806,0.403,0.9,0,-1
10605,"Mabayi",2021,21,0.8,0.4,0.9,0,-1
10606,"Makamba",2021,21,0.8,0.4,0.9,0,-1
10607,"Matana",2021,21,0.8,0.4,0.9,0,-1
10608,"Mpanda",2021,21,0.8,0.4,0.9,0,-1
10609,"Mukenke",2021,21,0.818,0.409,0.9,0,-1
10610,"Muramvya",2021,21,0.8,0.4,0.9,0,-1
10611,"Murore",2021,21,0.8,0.4,0.9,0,-1
10612,"Musema",2021,21,0.8,0.4,0.9,0,-1
10613,"Mutaho",2021,21,0.8,0.4,0.9,0,-1
10614,"Muyinga",2021,21,0.8,0.4,0.9,0,-1
10615,"Ngozi",2021,21,0.8,0.4,0.9,0,-1
10616,"Nyabikere",2021,21,0.882,0.441,0.9,0,-1
10617,"Nyanza-Lac",2021,21,0.8,0.4,0.9,0,-1
10618,"Rumonge",2021,21,0.8,0.4,0.9,0,-1
10619,"Rutana",2021,21,0.8,0.4,0.9,0,-1
10620,"Ruyigi",2021,21,0.8,0.4,0.9,0,-1
10621,"Rwibaga",2021,21,0.8,0.4,0.9,0,-1
10622,"Ryansoro",2021,21,0.8,0.4,0.9,0,-1
10623,"Vumbi",2021,21,0.8,0.4,0.9,0,-1
10624,"Zone Centre",2021,21,0.8,0.4,0.9,0,-1
10625,"Zone Nord",2021,21,0.8,0.4,0.9,0,-1
10626,"Zone Sud",2021,21,0.8,0.4,0.9,0,-1
11087,"Bubanza",2021,22,0.8,0.4,0.9,0,-1
11088,"Bugarama",2021,22,0.8,0.4,0.9,0,-1
11089,"Buhiga",2021,22,0.804,0.402,0.9,0,-1
11090,"Bururi",2021,22,0.8,0.4,0.9,0,-1
11091,"Busoni",2021,22,0.8,0.4,0.9,0,-1
11092,"Butezi",2021,22,0.8,0.4,0.9,0,-1
11093,"Buye",2021,22,0.8,0.4,0.9,0,-1
11094,"Cankuzo",2021,22,0.8,0.4,0.9,0,-1
11095,"Cibitoke",2021,22,0.8,0.4,0.9,0,-1
11096,"Fota",2021,22,0.8,0.4,0.9,0,-1
11097,"Gahombo",2021,22,0.8,0.4,0.9,0,-1
11098,"Gashoho",2021,22,0.801,0.4005,0.9,0,-1
11099,"Gihofi",2021,22,0.8,0.4,0.9,0,-1
11100,"Gitega",2021,22,0.8,0.4,0.9,0,-1
11101,"Giteranyi",2021,22,0.8,0.4,0.9,0,-1
11102,"Isale",2021,22,0.8,0.4,0.9,0,-1
11103,"Kabezi",2021,22,0.8,0.4,0.9,0,-1
11104,"Kayanza",2021,22,0.8,0.4,0.9,0,-1
11105,"Kibumbu",2021,22,0.8,0.4,0.9,0,-1
11106,"Kibuye",2021,22,0.8,0.4,0.9,0,-1
11107,"Kiganda",2021,22,0.8,0.4,0.9,0,-1
11108,"Kinyinya",2021,22,0.8,0.4,0.9,0,-1
11109,"Kiremba",2021,22,0.8,0.4,0.9,0,-1
11110,"Kirundo",2021,22,0.826,0.413,0.9,0,-1
11111,"Mabayi",2021,22,0.8,0.4,0.9,0,-1
11112,"Makamba",2021,22,0.8,0.4,0.9,0,-1
11113,"Matana",2021,22,0.8,0.4,0.9,0,-1
11114,"Mpanda",2021,22,0.8,0.4,0.9,0,-1
11115,"Mukenke",2021,22,0.863,0.4315,0.9,0,-1
11116,"Muramvya",2021,22,0.8,0.4,0.9,0,-1
11117,"Murore",2021,22,0.8,0.4,0.9,0,-1
11118,"Musema",2021,22,0.8,0.4,0.9,0,-1
11119,"Mutaho",2021,22,0.8,0.4,0.9,0,-1
11120,"Muyinga",2021,22,0.8,0.4,0.9,0,-1
11121,"Ngozi",2021,22,0.8,0.4,0.9,0,-1
11122,"Nyabikere",2021,22,0.897,0.4485,0.9,0,-1
11123,"Nyanza-Lac",2021,22,0.8,0.4,0.9,0,-1
11124,"Rumonge",2021,22,0.8,0.4,0.9,0,-1
11125,"Rutana",2021,22,0.8,0.4,0.9,0,-1
11126,"Ruyigi",2021,22,0.8,0.4,0.9,0,-1
11127,"Rwibaga",2021,22,0.8,0.4,0.9,0,-1
11128,"Ryansoro",2021,22,0.8,0.4,0.9,0,-1
11129,"Vumbi",2021,22,0.8,0.4,0.9,0,-1
11130,"Zone Centre",2021,22,0.8,0.4,0.9,0,-1
11131,"Zone Nord",2021,22,0.8,0.4,0.9,0,-1
11132,"Zone Sud",2021,22,0.8,0.4,0.9,0,-1
11593,"Bubanza",2021,23,0.8,0.4,0.9,0,-1
11594,"Bugarama",2021,23,0.8,0.4,0.9,0,-1
11595,"Buhiga",2021,23,0.8,0.4,0.9,0,-1
11596,"Bururi",2021,23,0.8,0.4,0.9,0,-1
11597,"Busoni",2021,23,0.8,0.4,0.9,0,-1
11598,"Butezi",2021,23,0.8,0.4,0.9,0,-1
11599,"Buye",2021,23,0.8,0.4,0.9,0,-1
11600,"Cankuzo",2021,23,0.8,0.4,0.9,0,-1
11601,"Cibitoke",2021,23,0.8,0.4,0.9,0,-1
11602,"Fota",2021,23,0.8,0.4,0.9,0,-1
11603,"Gahombo",2021,23,0.8,0.4,0.9,0,-1
11604,"Gashoho",2021,23,0.8,0.4,0.9,0,-1
11605,"Gihofi",2021,23,0.8,0.4,0.9,0,-1
11606,"Gitega",2021,23,0.8,0.4,0.9,0,-1
11607,"Giteranyi",2021,23,0.8,0.4,0.9,0,-1
11608,"Isale",2021,23,0.8,0.4,0.9,0,-1
11609,"Kabezi",2021,23,0.8,0.4,0.9,0,-1
11610,"Kayanza",2021,23,0.812,0.406,0.9,0,-1
11611,"Kibumbu",2021,23,0.8,0.4,0.9,0,-1
11612,"Kibuye",2021,23,0.8,0.4,0.9,0,-1
11613,"Kiganda",2021,23,0.8,0.4,0.9,0,-1
11614,"Kinyinya",2021,23,0.8,0.4,0.9,0,-1
11615,"Kiremba",2021,23,0.8,0.4,0.9,0,-1
11616,"Kirundo",2021,23,0.8,0.4,0.9,0,-1
11617,"Mabayi",2021,23,0.8,0.4,0.9,0,-1
11618,"Makamba",2021,23,0.8,0.4,0.9,0,-1
11619,"Matana",2021,23,0.8,0.4,0.9,0,-1
11620,"Mpanda",2021,23,0.8,0.4,0.9,0,-1
11621,"Mukenke",2021,23,0.8,0.4,0.9,0,-1
11622,"Muramvya",2021,23,0.8,0.4,0.9,0,-1
11623,"Murore",2021,23,0.8,0.4,0.9,0,-1
11624,"Musema",2021,23,0.828,0.414,0.9,0,-1
11625,"Mutaho",2021,23,0.8,0.4,0.9,0,-1
11626,"Muyinga",2021,23,0.8,0.4,0.9,0,-1
11627,"Ngozi",2021,23,0.8,0.4,0.9,0,-1
11628,"Nyabikere",2021,23,0.851,0.4255,0.9,0,-1
11629,"Nyanza-Lac",2021,23,0.8,0.4,0.9,0,-1
11630,"Rumonge",2021,23,0.8,0.4,0.9,0,-1
11631,"Rutana",2021,23,0.8,0.4,0.9,0,-1
11632,"Ruyigi",2021,23,0.8,0.4,0.9,0,-1
11633,"Rwibaga",2021,23,0.8,0.4,0.9,0,-1
11634,"Ryansoro",2021,23,0.8,0.4,0.9,0,-1
11635,"Vumbi",2021,23,0.8,0.4,0.9,0,-1
11636,"Zone Centre",2021,23,0.8,0.4,0.9,0,-1
11637,"Zone Nord",2021,23,0.8,0.4,0.9,0,-1
11638,"Zone Sud",2021,23,0.8,0.4,0.9,0,-1
12099,"Bubanza",2021,24,0.8,0.4,0.9,0,-1
12100,"Bugarama",2021,24,0.8,0.4,0.9,0,-1
12101,"Buhiga",2021,24,0.8,0.4,0.9,0,-1
12102,"Bururi",2021,24,0.8,0.4,0.9,0,-1
12103,"Busoni",2021,24,0.8,0.4,0.9,0,-1
12104,"Butezi",2021,24,0.8,0.4,0.9,0,-1
12105,"Buye",2021,24,0.8,0.4,0.9,0,-1
12106,"Cankuzo",2021,24,0.8,0.4,0.9,0,-1
12107,"Cibitoke",2021,24,0.8,0.4,0.9,0,-1
12108,"Fota",2021,24,0.8,0.4,0.9,0,-1
12109,"Gahombo",2021,24,0.8,0.4,0.9,0,-1
12110,"Gashoho",2021,24,0.8,0.4,0.9,0,-1
12111,"Gihofi",2021,24,0.8,0.4,0.9,0,-1
12112,"Gitega",2021,24,0.8,0.4,0.9,0,-1
12113,"Giteranyi",2021,24,0.8,0.4,0.9,0,-1
12114,"Isale",2021,24,0.8,0.4,0.9,0,-1
12115,"Kabezi",2021,24,0.8,0.4,0.9,0,-1
12116,"Kayanza",2021,24,0.8,0.4,0.9,0,-1
12117,"Kibumbu",2021,24,0.8,0.4,0.9,0,-1
12118,"Kibuye",2021,24,0.8,0.4,0.9,0,-1
12119,"Kiganda",2021,24,0.8,0.4,0.9,0,-1
12120,"Kinyinya",2021,24,0.8,0.4,0.9,0,-1
12121,"Kiremba",2021,24,0.8,0.4,0.9,0,-1
12122,"Kirundo",2021,24,0.8,0.4,0.9,0,-1
12123,"Mabayi",2021,24,0.8,0.4,0.9,0,-1
12124,"Makamba",2021,24,0.8,0.4,0.9,0,-1
12125,"Matana",2021,24,0.8,0.4,0.9,0,-1
12126,"Mpanda",2021,24,0.8,0.4,0.9,0,-1
12127,"Mukenke",2021,24,0.916,0.458,0.9,0,-1
12128,"Muramvya",2021,24,0.8,0.4,0.9,0,-1
12129,"Murore",2021,24,0.8,0.4,0.9,0,-1
12130,"Musema",2021,24,0.8,0.4,0.9,0,-1
12131,"Mutaho",2021,24,0.8,0.4,0.9,0,-1
12132,"Muyinga",2021,24,0.8,0.4,0.9,0,-1
12133,"Ngozi",2021,24,0.8,0.4,0.9,0,-1
12134,"Nyabikere",2021,24,0.872,0.436,0.9,0,-1
12135,"Nyanza-Lac",2021,24,0.8,0.4,0.9,0,-1
12136,"Rumonge",2021,24,0.8,0.4,0.9,0,-1
12137,"Rutana",2021,24,0.8,0.4,0.9,0,-1
12138,"Ruyigi",2021,24,0.8,0.4,0.9,0,-1
12139,"Rwibaga",2021,24,0.8,0.4,0.9,0,-1
12140,"Ryansoro",2021,24,0.8,0.4,0.9,0,-1
12141,"Vumbi",2021,24,0.8,0.4,0.9,0,-1
12142,"Zone Centre",2021,24,0.8,0.4,0.9,0,-1
12143,"Zone Nord",2021,24,0.8,0.4,0.9,0,-1
12144,"Zone Sud",2021,24,0.8,0.4,0.9,0,-1
12605,"Bubanza",2021,25,0.8,0.4,0.9,0,-1
12606,"Bugarama",2021,25,0.8,0.4,0.9,0,-1
12607,"Buhiga",2021,25,0.8,0.4,0.9,0,-1
12608,"Bururi",2021,25,0.8,0.4,0.9,0,-1
12609,"Busoni",2021,25,0.8,0.4,0.9,0,-1
12610,"Butezi",2021,25,0.8,0.4,0.9,0,-1
12611,"Buye",2021,25,0.802,0.401,0.9,0,-1
12612,"Cankuzo",2021,25,0.818,0.409,0.9,0,-1
12613,"Cibitoke",2021,25,0.8,0.4,0.9,0,-1
12614,"Fota",2021,25,0.8,0.4,0.9,0,-1
12615,"Gahombo",2021,25,0.8,0.4,0.9,0,-1
12616,"Gashoho",2021,25,0.8,0.4,0.9,0,-1
12617,"Gihofi",2021,25,0.8,0.4,0.9,0,-1
12618,"Gitega",2021,25,0.8,0.4,0.9,0,-1
12619,"Giteranyi",2021,25,0.8,0.4,0.9,0,-1
12620,"Isale",2021,25,0.8,0.4,0.9,0,-1
12621,"Kabezi",2021,25,0.8,0.4,0.9,0,-1
12622,"Kayanza",2021,25,0.8,0.4,0.9,0,-1
12623,"Kibumbu",2021,25,0.8,0.4,0.9,0,-1
12624,"Kibuye",2021,25,0.8,0.4,0.9,0,-1
12625,"Kiganda",2021,25,0.8,0.4,0.9,0,-1
12626,"Kinyinya",2021,25,0.8,0.4,0.9,0,-1
12627,"Kiremba",2021,25,0.8,0.4,0.9,0,-1
12628,"Kirundo",2021,25,0.8,0.4,0.9,0,-1
12629,"Mabayi",2021,25,0.8,0.4,0.9,0,-1
12630,"Makamba",2021,25,0.8,0.4,0.9,0,-1
12631,"Matana",2021,25,0.8,0.4,0.9,0,-1
12632,"Mpanda",2021,25,0.8,0.4,0.9,0,-1
12633,"Mukenke",2021,25,0.915,0.4575,0.9,0,-1
12634,"Muramvya",2021,25,0.8,0.4,0.9,0,-1
12635,"Murore",2021,25,0.8,0.4,0.9,0,-1
12636,"Musema",2021,25,0.8,0.4,0.9,0,-1
12637,"Mutaho",2021,25,0.8,0.4,0.9,0,-1
12638,"Muyinga",2021,25,0.8,0.4,0.9,0,-1
12639,"Ngozi",2021,25,0.8,0.4,0.9,0,-1
12640,"Nyabikere",2021,25,0.893,0.4465,0.9,0,-1
12641,"Nyanza-Lac",2021,25,0.8,0.4,0.9,0,-1
12642,"Rumonge",2021,25,0.8,0.4,0.9,0,-1
12643,"Rutana",2021,25,0.8,0.4,0.9,0,-1
12644,"Ruyigi",2021,25,0.8,0.4,0.9,0,-1
12645,"Rwibaga",2021,25,0.8,0.4,0.9,0,-1
12646,"Ryansoro",2021,25,0.8,0.4,0.9,0,-1
12647,"Vumbi",2021,25,0.8,0.4,0.9,0,-1
12648,"Zone Centre",2021,25,0.8,0.4,0.9,0,-1
12649,"Zone Nord",2021,25,0.8,0.4,0.9,0,-1
12650,"Zone Sud",2021,25,0.8,0.4,0.9,0,-1
13111,"Bubanza",2021,26,0.8,0.4,0.9,0,-1
13112,"Bugarama",2021,26,0.8,0.4,0.9,0,-1
13113,"Buhiga",2021,26,0.8,0.4,0.9,0,-1
13114,"Bururi",2021,26,0.8,0.4,0.9,0,-1
13115,"Busoni",2021,26,0.8,0.4,0.9,0,-1
13116,"Butezi",2021,26,0.8,0.4,0.9,0,-1
13117,"Buye",2021,26,0.8,0.4,0.9,0,-1
13118,"Cankuzo",2021,26,0.8,0.4,0.9,0,-1
13119,"Cibitoke",2021,26,0.8,0.4,0.9,0,-1
13120,"Fota",2021,26,0.8,0.4,0.9,0,-1
13121,"Gahombo",2021,26,0.8,0.4,0.9,0,-1
13122,"Gashoho",2021,26,0.8,0.4,0.9,0,-1
13123,"Gihofi",2021,26,0.8,0.4,0.9,0,-1
13124,"Gitega",2021,26,0.8,0.4,0.9,0,-1
13125,"Giteranyi",2021,26,0.8,0.4,0.9,0,-1
13126,"Isale",2021,26,0.8,0.4,0.9,0,-1
13127,"Kabezi",2021,26,0.8,0.4,0.9,0,-1
13128,"Kayanza",2021,26,0.8,0.4,0.9,0,-1
13129,"Kibumbu",2021,26,0.8,0.4,0.9,0,-1
13130,"Kibuye",2021,26,0.8,0.4,0.9,0,-1
13131,"Kiganda",2021,26,0.8,0.4,0.9,0,-1
13132,"Kinyinya",2021,26,0.8,0.4,0.9,0,-1
13133,"Kiremba",2021,26,0.8,0.4,0.9,0,-1
13134,"Kirundo",2021,26,0.8,0.4,0.9,0,-1
13135,"Mabayi",2021,26,0.8,0.4,0.9,0,-1
13136,"Makamba",2021,26,0.8,0.4,0.9,0,-1
13137,"Matana",2021,26,0.8,0.4,0.9,0,-1
13138,"Mpanda",2021,26,0.8,0.4,0.9,0,-1
13139,"Mukenke",2021,26,0.854,0.427,0.9,0,-1
13140,"Muramvya",2021,26,0.8,0.4,0.9,0,-1
13141,"Murore",2021,26,0.8,0.4,0.9,0,-1
13142,"Musema",2021,26,0.8,0.4,0.9,0,-1
13143,"Mutaho",2021,26,0.8,0.4,0.9,0,-1
13144,"Muyinga",2021,26,0.8,0.4,0.9,0,-1
13145,"Ngozi",2021,26,0.8,0.4,0.9,0,-1
13146,"Nyabikere",2021,26,0.874,0.437,0.9,0,-1
13147,"Nyanza-Lac",2021,26,0.8,0.4,0.9,0,-1
13148,"Rumonge",2021,26,0.8,0.4,0.9,0,-1
13149,"Rutana",2021,26,0.8,0.4,0.9,0,-1
13150,"Ruyigi",2021,26,0.8,0.4,0.9,0,-1
13151,"Rwibaga",2021,26,0.8,0.4,0.9,0,-1
13152,"Ryansoro",2021,26,0.8,0.4,0.9,0,-1
13153,"Vumbi",2021,26,0.8,0.4,0.9,0,-1
13154,"Zone Centre",2021,26,0.8,0.4,0.9,0,-1
13155,"Zone Nord",2021,26,0.8,0.4,0.9,0,-1
13156,"Zone Sud",2021,26,0.8,0.4,0.9,0,-1
13617,"Bubanza",2021,27,0.8,0.4,0.9,0,-1
13618,"Bugarama",2021,27,0.8,0.4,0.9,0,-1
13619,"Buhiga",2021,27,0.8,0.4,0.9,0,-1
13620,"Bururi",2021,27,0.8,0.4,0.9,0,-1
13621,"Busoni",2021,27,0.8,0.4,0.9,0,-1
13622,"Butezi",2021,27,0.8,0.4,0.9,0,-1
13623,"Buye",2021,27,0.8,0.4,0.9,0,-1
13624,"Cankuzo",2021,27,0.8,0.4,0.9,0,-1
13625,"Cibitoke",2021,27,0.8,0.4,0.9,0,-1
13626,"Fota",2021,27,0.8,0.4,0.9,0,-1
13627,"Gahombo",2021,27,0.8,0.4,0.9,0,-1
13628,"Gashoho",2021,27,0.8,0.4,0.9,0,-1
13629,"Gihofi",2021,27,0.8,0.4,0.9,0,-1
13630,"Gitega",2021,27,0.8,0.4,0.9,0,-1
13631,"Giteranyi",2021,27,0.8,0.4,0.9,0,-1
13632,"Isale",2021,27,0.8,0.4,0.9,0,-1
13633,"Kabezi",2021,27,0.8,0.4,0.9,0,-1
13634,"Kayanza",2021,27,0.8,0.4,0.9,0,-1
13635,"Kibumbu",2021,27,0.8,0.4,0.9,0,-1
13636,"Kibuye",2021,27,0.8,0.4,0.9,0,-1
13637,"Kiganda",2021,27,0.8,0.4,0.9,0,-1
13638,"Kinyinya",2021,27,0.817,0.4085,0.9,0,-1
13639,"Kiremba",2021,27,0.8,0.4,0.9,0,-1
13640,"Kirundo",2021,27,0.8,0.4,0.9,0,-1
13641,"Mabayi",2021,27,0.8,0.4,0.9,0,-1
13642,"Makamba",2021,27,0.8,0.4,0.9,0,-1
13643,"Matana",2021,27,0.8,0.4,0.9,0,-1
13644,"Mpanda",2021,27,0.8,0.4,0.9,0,-1
13645,"Mukenke",2021,27,0.834,0.417,0.9,0,-1
13646,"Muramvya",2021,27,0.8,0.4,0.9,0,-1
13647,"Murore",2021,27,0.8,0.4,0.9,0,-1
13648,"Musema",2021,27,0.8,0.4,0.9,0,-1
13649,"Mutaho",2021,27,0.802,0.401,0.9,0,-1
13650,"Muyinga",2021,27,0.8,0.4,0.9,0,-1
13651,"Ngozi",2021,27,0.8,0.4,0.9,0,-1
13652,"Nyabikere",2021,27,0.8,0.4,0.9,0,-1
13653,"Nyanza-Lac",2021,27,0.8,0.4,0.9,0,-1
13654,"Rumonge",2021,27,0.8,0.4,0.9,0,-1
13655,"Rutana",2021,27,0.8,0.4,0.9,0,-1
13656,"Ruyigi",2021,27,0.8,0.4,0.9,0,-1
13657,"Rwibaga",2021,27,0.8,0.4,0.9,0,-1
13658,"Ryansoro",2021,27,0.8,0.4,0.9,0,-1
13659,"Vumbi",2021,27,0.8,0.4,0.9,0,-1
13660,"Zone Centre",2021,27,0.8,0.4,0.9,0,-1
13661,"Zone Nord",2021,27,0.8,0.4,0.9,0,-1
13662,"Zone Sud",2021,27,0.8,0.4,0.9,0,-1
14123,"Bubanza",2021,28,0.8,0.4,0.9,0,-1
14124,"Bugarama",2021,28,0.8,0.4,0.9,0,-1
14125,"Buhiga",2021,28,0.8,0.4,0.9,0,-1
14126,"Bururi",2021,28,0.8,0.4,0.9,0,-1
14127,"Busoni",2021,28,0.8,0.4,0.9,0,-1
14128,"Butezi",2021,28,0.8,0.4,0.9,0,-1
14129,"Buye",2021,28,0.8,0.4,0.9,0,-1
14130,"Cankuzo",2021,28,0.8,0.4,0.9,0,-1
14131,"Cibitoke",2021,28,0.8,0.4,0.9,0,-1
14132,"Fota",2021,28,0.8,0.4,0.9,0,-1
14133,"Gahombo",2021,28,0.8,0.4,0.9,0,-1
14134,"Gashoho",2021,28,0.8,0.4,0.9,0,-1
14135,"Gihofi",2021,28,0.8,0.4,0.9,0,-1
14136,"Gitega",2021,28,0.8,0.4,0.9,0,-1
14137,"Giteranyi",2021,28,0.8,0.4,0.9,0,-1
14138,"Isale",2021,28,0.8,0.4,0.9,0,-1
14139,"Kabezi",2021,28,0.8,0.4,0.9,0,-1
14140,"Kayanza",2021,28,0.8,0.4,0.9,0,-1
14141,"Kibumbu",2021,28,0.8,0.4,0.9,0,-1
14142,"Kibuye",2021,28,0.8,0.4,0.9,0,-1
14143,"Kiganda",2021,28,0.8,0.4,0.9,0,-1
14144,"Kinyinya",2021,28,0.8,0.4,0.9,0,-1
14145,"Kiremba",2021,28,0.8,0.4,0.9,0,-1
14146,"Kirundo",2021,28,0.8,0.4,0.9,0,-1
14147,"Mabayi",2021,28,0.8,0.4,0.9,0,-1
14148,"Makamba",2021,28,0.8,0.4,0.9,0,-1
14149,"Matana",2021,28,0.8,0.4,0.9,0,-1
14150,"Mpanda",2021,28,0.8,0.4,0.9,0,-1
14151,"Mukenke",2021,28,0.884,0.442,0.9,0,-1
14152,"Muramvya",2021,28,0.8,0.4,0.9,0,-1
14153,"Murore",2021,28,0.8,0.4,0.9,0,-1
14154,"Musema",2021,28,0.8,0.4,0.9,0,-1
14155,"Mutaho",2021,28,0.8,0.4,0.9,0,-1
14156,"Muyinga",2021,28,0.8,0.4,0.9,0,-1
14157,"Ngozi",2021,28,0.8,0.4,0.9,0,-1
14158,"Nyabikere",2021,28,0.908,0.454,0.9,0,-1
14159,"Nyanza-Lac",2021,28,0.8,0.4,0.9,0,-1
14160,"Rumonge",2021,28,0.8,0.4,0.9,0,-1
14161,"Rutana",2021,28,0.8,0.4,0.9,0,-1
14162,"Ruyigi",2021,28,0.8,0.4,0.9,0,-1
14163,"Rwibaga",2021,28,0.8,0.4,0.9,0,-1
14164,"Ryansoro",2021,28,0.8,0.4,0.9,0,-1
14165,"Vumbi",2021,28,0.8,0.4,0.9,0,-1
14166,"Zone Centre",2021,28,0.8,0.4,0.9,0,-1
14167,"Zone Nord",2021,28,0.8,0.4,0.9,0,-1
14168,"Zone Sud",2021,28,0.8,0.4,0.9,0,-1
14629,"Bubanza",2021,29,0.8,0.4,0.9,0,-1
14630,"Bugarama",2021,29,0.8,0.4,0.9,0,-1
14631,"Buhiga",2021,29,0.8,0.4,0.9,0,-1
14632,"Bururi",2021,29,0.8,0.4,0.9,0,-1
14633,"Busoni",2021,29,0.8,0.4,0.9,0,-1
14634,"Butezi",2021,29,0.8,0.4,0.9,0,-1
14635,"Buye",2021,29,0.8,0.4,0.9,0,-1
14636,"Cankuzo",2021,29,0.8,0.4,0.9,0,-1
14637,"Cibitoke",2021,29,0.8,0.4,0.9,0,-1
14638,"Fota",2021,29,0.8,0.4,0.9,0,-1
14639,"Gahombo",2021,29,0.8,0.4,0.9,0,-1
14640,"Gashoho",2021,29,0.831,0.4155,0.9,0,-1
14641,"Gihofi",2021,29,0.8,0.4,0.9,0,-1
14642,"Gitega",2021,29,0.8,0.4,0.9,0,-1
14643,"Giteranyi",2021,29,0.8,0.4,0.9,0,-1
14644,"Isale",2021,29,0.8,0.4,0.9,0,-1
14645,"Kabezi",2021,29,0.8,0.4,0.9,0,-1
14646,"Kayanza",2021,29,0.8,0.4,0.9,0,-1
14647,"Kibumbu",2021,29,0.8,0.4,0.9,0,-1
14648,"Kibuye",2021,29,0.8,0.4,0.9,0,-1
14649,"Kiganda",2021,29,0.8,0.4,0.9,0,-1
14650,"Kinyinya",2021,29,0.847,0.4235,0.9,0,-1
14651,"Kiremba",2021,29,0.8,0.4,0.9,0,-1
14652,"Kirundo",2021,29,0.8,0.4,0.9,0,-1
14653,"Mabayi",2021,29,0.8,0.4,0.9,0,-1
14654,"Makamba",2021,29,0.8,0.4,0.9,0,-1
14655,"Matana",2021,29,0.8,0.4,0.9,0,-1
14656,"Mpanda",2021,29,0.8,0.4,0.9,0,-1
14657,"Mukenke",2021,29,0.86,0.43,0.9,0,-1
14658,"Muramvya",2021,29,0.8,0.4,0.9,0,-1
14659,"Murore",2021,29,0.8,0.4,0.9,0,-1
14660,"Musema",2021,29,0.8,0.4,0.9,0,-1
14661,"Mutaho",2021,29,0.8,0.4,0.9,0,-1
14662,"Muyinga",2021,29,0.8,0.4,0.9,0,-1
14663,"Ngozi",2021,29,0.8,0.4,0.9,0,-1
14664,"Nyabikere",2021,29,0.892,0.446,0.9,0,-1
14665,"Nyanza-Lac",2021,29,0.8,0.4,0.9,0,-1
14666,"Rumonge",2021,29,0.8,0.4,0.9,0,-1
14667,"Rutana",2021,29,0.82,0.41,0.9,0,-1
14668,"Ruyigi",2021,29,0.8,0.4,0.9,0,-1
14669,"Rwibaga",2021,29,0.8,0.4,0.9,0,-1
14670,"Ryansoro",2021,29,0.8,0.4,0.9,0,-1
14671,"Vumbi",2021,29,0.8,0.4,0.9,0,-1
14672,"Zone Centre",2021,29,0.8,0.4,0.9,0,-1
14673,"Zone Nord",2021,29,0.8,0.4,0.9,0,-1
14674,"Zone Sud",2021,29,0.8,0.4,0.9,0,-1
15135,"Bubanza",2021,30,0.8,0.4,0.9,0,-1
15136,"Bugarama",2021,30,0.8,0.4,0.9,0,-1
15137,"Buhiga",2021,30,0.8,0.4,0.9,0,-1
15138,"Bururi",2021,30,0.8,0.4,0.9,0,-1
15139,"Busoni",2021,30,0.8,0.4,0.9,0,-1
15140,"Butezi",2021,30,0.8,0.4,0.9,0,-1
15141,"Buye",2021,30,0.8,0.4,0.9,0,-1
15142,"Cankuzo",2021,30,0.8,0.4,0.9,0,-1
15143,"Cibitoke",2021,30,0.8,0.4,0.9,0,-1
15144,"Fota",2021,30,0.8,0.4,0.9,0,-1
15145,"Gahombo",2021,30,0.8,0.4,0.9,0,-1
15146,"Gashoho",2021,30,0.8,0.4,0.9,0,-1
15147,"Gihofi",2021,30,0.8,0.4,0.9,0,-1
15148,"Gitega",2021,30,0.8,0.4,0.9,0,-1
15149,"Giteranyi",2021,30,0.8,0.4,0.9,0,-1
15150,"Isale",2021,30,0.8,0.4,0.9,0,-1
15151,"Kabezi",2021,30,0.8,0.4,0.9,0,-1
15152,"Kayanza",2021,30,0.8,0.4,0.9,0,-1
15153,"Kibumbu",2021,30,0.8,0.4,0.9,0,-1
15154,"Kibuye",2021,30,0.8,0.4,0.9,0,-1
15155,"Kiganda",2021,30,0.8,0.4,0.9,0,-1
15156,"Kinyinya",2021,30,0.81,0.405,0.9,0,-1
15157,"Kiremba",2021,30,0.8,0.4,0.9,0,-1
15158,"Kirundo",2021,30,0.8,0.4,0.9,0,-1
15159,"Mabayi",2021,30,0.8,0.4,0.9,0,-1
15160,"Makamba",2021,30,0.8,0.4,0.9,0,-1
15161,"Matana",2021,30,0.8,0.4,0.9,0,-1
15162,"Mpanda",2021,30,0.8,0.4,0.9,0,-1
15163,"Mukenke",2021,30,0.866,0.433,0.9,0,-1
15164,"Muramvya",2021,30,0.8,0.4,0.9,0,-1
15165,"Murore",2021,30,0.819,0.4095,0.9,0,-1
15166,"Musema",2021,30,0.8,0.4,0.9,0,-1
15167,"Mutaho",2021,30,0.8,0.4,0.9,0,-1
15168,"Muyinga",2021,30,0.8,0.4,0.9,0,-1
15169,"Ngozi",2021,30,0.8,0.4,0.9,0,-1
15170,"Nyabikere",2021,30,0.855,0.4275,0.9,0,-1
15171,"Nyanza-Lac",2021,30,0.8,0.4,0.9,0,-1
15172,"Rumonge",2021,30,0.8,0.4,0.9,0,-1
15173,"Rutana",2021,30,0.8,0.4,0.9,0,-1
15174,"Ruyigi",2021,30,0.8,0.4,0.9,0,-1
15175,"Rwibaga",2021,30,0.8,0.4,0.9,0,-1
15176,"Ryansoro",2021,30,0.8,0.4,0.9,0,-1
15177,"Vumbi",2021,30,0.8,0.4,0.9,0,-1
15178,"Zone Centre",2021,30,0.8,0.4,0.9,0,-1
15179,"Zone Nord",2021,30,0.8,0.4,0.9,0,-1
15180,"Zone Sud",2021,30,0.8,0.4,0.9,0,-1
15641,"Bubanza",2021,31,0.8,0.4,0.9,0,-1
15642,"Bugarama",2021,31,0.8,0.4,0.9,0,-1
15643,"Buhiga",2021,31,0.8,0.4,0.9,0,-1
15644,"Bururi",2021,31,0.8,0.4,0.9,0,-1
15645,"Busoni",2021,31,0.8,0.4,0.9,0,-1
15646,"Butezi",2021,31,0.8,0.4,0.9,0,-1
15647,"Buye",2021,31,0.8,0.4,0.9,0,-1
15648,"Cankuzo",2021,31,0.8,0.4,0.9,0,-1
15649,"Cibitoke",2021,31,0.8,0.4,0.9,0,-1
15650,"Fota",2021,31,0.8,0.4,0.9,0,-1
15651,"Gahombo",2021,31,0.8,0.4,0.9,0,-1
15652,"Gashoho",2021,31,0.8,0.4,0.9,0,-1
15653,"Gihofi",2021,31,0.8,0.4,0.9,0,-1
15654,"Gitega",2021,31,0.8,0.4,0.9,0,-1
15655,"Giteranyi",2021,31,0.84,0.42,0.9,0,-1
15656,"Isale",2021,31,0.8,0.4,0.9,0,-1
15657,"Kabezi",2021,31,0.8,0.4,0.9,0,-1
15658,"Kayanza",2021,31,0.8,0.4,0.9,0,-1
15659,"Kibumbu",2021,31,0.8,0.4,0.9,0,-1
15660,"Kibuye",2021,31,0.856,0.428,0.9,0,-1
15661,"Kiganda",2021,31,0.8,0.4,0.9,0,-1
15662,"Kinyinya",2021,31,0.8,0.4,0.9,0,-1
15663,"Kiremba",2021,31,0.8,0.4,0.9,0,-1
15664,"Kirundo",2021,31,0.8,0.4,0.9,0,-1
15665,"Mabayi",2021,31,0.802,0.401,0.9,0,-1
15666,"Makamba",2021,31,0.8,0.4,0.9,0,-1
15667,"Matana",2021,31,0.8,0.4,0.9,0,-1
15668,"Mpanda",2021,31,0.8,0.4,0.9,0,-1
15669,"Mukenke",2021,31,0.8,0.4,0.9,0,-1
15670,"Muramvya",2021,31,0.8,0.4,0.9,0,-1
15671,"Murore",2021,31,0.8,0.4,0.9,0,-1
15672,"Musema",2021,31,0.8,0.4,0.9,0,-1
15673,"Mutaho",2021,31,0.8,0.4,0.9,0,-1
15674,"Muyinga",2021,31,0.8,0.4,0.9,0,-1
15675,"Ngozi",2021,31,0.8,0.4,0.9,0,-1
15676,"Nyabikere",2021,31,0.853,0.4265,0.9,0,-1
15677,"Nyanza-Lac",2021,31,0.8,0.4,0.9,0,-1
15678,"Rumonge",2021,31,0.8,0.4,0.9,0,-1
15679,"Rutana",2021,31,0.8,0.4,0.9,0,-1
15680,"Ruyigi",2021,31,0.8,0.4,0.9,0,-1
15681,"Rwibaga",2021,31,0.8,0.4,0.9,0,-1
15682,"Ryansoro",2021,31,0.8,0.4,0.9,0,-1
15683,"Vumbi",2021,31,0.8,0.4,0.9,0,-1
15684,"Zone Centre",2021,31,0.8,0.4,0.9,0,-1
15685,"Zone Nord",2021,31,0.8,0.4,0.9,0,-1
15686,"Zone Sud",2021,31,0.8,0.4,0.9,0,-1
16147,"Bubanza",2021,32,0.8,0.4,0.9,0,-1
16148,"Bugarama",2021,32,0.8,0.4,0.9,0,-1
16149,"Buhiga",2021,32,0.8,0.4,0.9,0,-1
16150,"Bururi",2021,32,0.8,0.4,0.9,0,-1
16151,"Busoni",2021,32,0.8,0.4,0.9,0,-1
16152,"Butezi",2021,32,0.8,0.4,0.9,0,-1
16153,"Buye",2021,32,0.8,0.4,0.9,0,-1
16154,"Cankuzo",2021,32,0.806,0.403,0.9,0,-1
16155,"Cibitoke",2021,32,0.8,0.4,0.9,0,-1
16156,"Fota",2021,32,0.8,0.4,0.9,0,-1
16157,"Gahombo",2021,32,0.8,0.4,0.9,0,-1
16158,"Gashoho",2021,32,0.8,0.4,0.9,0,-1
16159,"Gihofi",2021,32,0.8,0.4,0.9,0,-1
16160,"Gitega",2021,32,0.8,0.4,0.9,0,-1
16161,"Giteranyi",2021,32,0.842,0.421,0.9,0,-1
16162,"Isale",2021,32,0.8,0.4,0.9,0,-1
16163,"Kabezi",2021,32,0.8,0.4,0.9,0,-1
16164,"Kayanza",2021,32,0.8,0.4,0.9,0,-1
16165,"Kibumbu",2021,32,0.8,0.4,0.9,0,-1
16166,"Kibuye",2021,32,0.8,0.4,0.9,0,-1
16167,"Kiganda",2021,32,0.8,0.4,0.9,0,-1
16168,"Kinyinya",2021,32,0.8,0.4,0.9,0,-1
16169,"Kiremba",2021,32,0.8,0.4,0.9,0,-1
16170,"Kirundo",2021,32,0.8,0.4,0.9,0,-1
16171,"Mabayi",2021,32,0.8,0.4,0.9,0,-1
16172,"Makamba",2021,32,0.8,0.4,0.9,0,-1
16173,"Matana",2021,32,0.8,0.4,0.9,0,-1
16174,"Mpanda",2021,32,0.8,0.4,0.9,0,-1
16175,"Mukenke",2021,32,0.892,0.446,0.9,0,-1
16176,"Muramvya",2021,32,0.8,0.4,0.9,0,-1
16177,"Murore",2021,32,0.8,0.4,0.9,0,-1
16178,"Musema",2021,32,0.8,0.4,0.9,0,-1
16179,"Mutaho",2021,32,0.8,0.4,0.9,0,-1
16180,"Muyinga",2021,32,0.8,0.4,0.9,0,-1
16181,"Ngozi",2021,32,0.8,0.4,0.9,0,-1
16182,"Nyabikere",2021,32,0.856,0.428,0.9,0,-1
16183,"Nyanza-Lac",2021,32,0.8,0.4,0.9,0,-1
16184,"Rumonge",2021,32,0.8,0.4,0.9,0,-1
16185,"Rutana",2021,32,0.8,0.4,0.9,0,-1
16186,"Ruyigi",2021,32,0.8,0.4,0.9,0,-1
16187,"Rwibaga",2021,32,0.8,0.4,0.9,0,-1
16188,"Ryansoro",2021,32,0.8,0.4,0.9,0,-1
16189,"Vumbi",2021,32,0.8,0.4,0.9,0,-1
16190,"Zone Centre",2021,32,0.8,0.4,0.9,0,-1
16191,"Zone Nord",2021,32,0.8,0.4,0.9,0,-1
16192,"Zone Sud",2021,32,0.8,0.4,0.9,0,-1
16653,"Bubanza",2021,33,0.8,0.4,0.9,0,-1
16654,"Bugarama",2021,33,0.8,0.4,0.9,0,-1
16655,"Buhiga",2021,33,0.8,0.4,0.9,0,-1
16656,"Bururi",2021,33,0.8,0.4,0.9,0,-1
16657,"Busoni",2021,33,0.8,0.4,0.9,0,-1
16658,"Butezi",2021,33,0.8,0.4,0.9,0,-1
16659,"Buye",2021,33,0.8,0.4,0.9,0,-1
16660,"Cankuzo",2021,33,0.8,0.4,0.9,0,-1
16661,"Cibitoke",2021,33,0.8,0.4,0.9,0,-1
16662,"Fota",2021,33,0.8,0.4,0.9,0,-1
16663,"Gahombo",2021,33,0.8,0.4,0.9,0,-1
16664,"Gashoho",2021,33,0.8,0.4,0.9,0,-1
16665,"Gihofi",2021,33,0.8,0.4,0.9,0,-1
16666,"Gitega",2021,33,0.8,0.4,0.9,0,-1
16667,"Giteranyi",2021,33,0.821,0.4105,0.9,0,-1
16668,"Isale",2021,33,0.8,0.4,0.9,0,-1
16669,"Kabezi",2021,33,0.8,0.4,0.9,0,-1
16670,"Kayanza",2021,33,0.8,0.4,0.9,0,-1
16671,"Kibumbu",2021,33,0.8,0.4,0.9,0,-1
16672,"Kibuye",2021,33,0.8,0.4,0.9,0,-1
16673,"Kiganda",2021,33,0.8,0.4,0.9,0,-1
16674,"Kinyinya",2021,33,0.8,0.4,0.9,0,-1
16675,"Kiremba",2021,33,0.8,0.4,0.9,0,-1
16676,"Kirundo",2021,33,0.8,0.4,0.9,0,-1
16677,"Mabayi",2021,33,0.8,0.4,0.9,0,-1
16678,"Makamba",2021,33,0.8,0.4,0.9,0,-1
16679,"Matana",2021,33,0.8,0.4,0.9,0,-1
16680,"Mpanda",2021,33,0.8,0.4,0.9,0,-1
16681,"Mukenke",2021,33,0.889,0.4445,0.9,0,-1
16682,"Muramvya",2021,33,0.8,0.4,0.9,0,-1
16683,"Murore",2021,33,0.8,0.4,0.9,0,-1
16684,"Musema",2021,33,0.8,0.4,0.9,0,-1
16685,"Mutaho",2021,33,0.8,0.4,0.9,0,-1
16686,"Muyinga",2021,33,0.8,0.4,0.9,0,-1
16687,"Ngozi",2021,33,0.8,0.4,0.9,0,-1
16688,"Nyabikere",2021,33,0.851,0.4255,0.9,0,-1
16689,"Nyanza-Lac",2021,33,0.8,0.4,0.9,0,-1
16690,"Rumonge",2021,33,0.8,0.4,0.9,0,-1
16691,"Rutana",2021,33,0.8,0.4,0.9,0,-1
16692,"Ruyigi",2021,33,0.8,0.4,0.9,0,-1
16693,"Rwibaga",2021,33,0.8,0.4,0.9,0,-1
16694,"Ryansoro",2021,33,0.8,0.4,0.9,0,-1
16695,"Vumbi",2021,33,0.8,0.4,0.9,0,-1
16696,"Zone Centre",2021,33,0.8,0.4,0.9,0,-1
16697,"Zone Nord",2021,33,0.8,0.4,0.9,0,-1
16698,"Zone Sud",2021,33,0.8,0.4,0.9,0,-1
17159,"Bubanza",2021,34,0.8,0.4,0.9,0,-1
17160,"Bugarama",2021,34,0.8,0.4,0.9,0,-1
17161,"Buhiga",2021,34,0.806,0.403,0.9,0,-1
17162,"Bururi",2021,34,0.8,0.4,0.9,0,-1
17163,"Busoni",2021,34,0.8,0.4,0.9,0,-1
17164,"Butezi",2021,34,0.8,0.4,0.9,0,-1
17165,"Buye",2021,34,0.8,0.4,0.9,0,-1
17166,"Cankuzo",2021,34,0.8,0.4,0.9,0,-1
17167,"Cibitoke",2021,34,0.8,0.4,0.9,0,-1
17168,"Fota",2021,34,0.8,0.4,0.9,0,-1
17169,"Gahombo",2021,34,0.8,0.4,0.9,0,-1
17170,"Gashoho",2021,34,0.811,0.4055,0.9,0,-1
17171,"Gihofi",2021,34,0.8,0.4,0.9,0,-1
17172,"Gitega",2021,34,0.8,0.4,0.9,0,-1
17173,"Giteranyi",2021,34,0.8,0.4,0.9,0,-1
17174,"Isale",2021,34,0.8,0.4,0.9,0,-1
17175,"Kabezi",2021,34,0.8,0.4,0.9,0,-1
17176,"Kayanza",2021,34,0.8,0.4,0.9,0,-1
17177,"Kibumbu",2021,34,0.8,0.4,0.9,0,-1
17178,"Kibuye",2021,34,0.8,0.4,0.9,0,-1
17179,"Kiganda",2021,34,0.8,0.4,0.9,0,-1
17180,"Kinyinya",2021,34,0.8,0.4,0.9,0,-1
17181,"Kiremba",2021,34,0.8,0.4,0.9,0,-1
17182,"Kirundo",2021,34,0.8,0.4,0.9,0,-1
17183,"Mabayi",2021,34,0.8,0.4,0.9,0,-1
17184,"Makamba",2021,34,0.8,0.4,0.9,0,-1
17185,"Matana",2021,34,0.8,0.4,0.9,0,-1
17186,"Mpanda",2021,34,0.8,0.4,0.9,0,-1
17187,"Mukenke",2021,34,0.809,0.4045,0.9,0,-1
17188,"Muramvya",2021,34,0.8,0.4,0.9,0,-1
17189,"Murore",2021,34,0.8,0.4,0.9,0,-1
17190,"Musema",2021,34,0.8,0.4,0.9,0,-1
17191,"Mutaho",2021,34,0.82,0.41,0.9,0,-1
17192,"Muyinga",2021,34,0.8,0.4,0.9,0,-1
17193,"Ngozi",2021,34,0.8,0.4,0.9,0,-1
17194,"Nyabikere",2021,34,0.868,0.434,0.9,0,-1
17195,"Nyanza-Lac",2021,34,0.8,0.4,0.9,0,-1
17196,"Rumonge",2021,34,0.8,0.4,0.9,0,-1
17197,"Rutana",2021,34,0.8,0.4,0.9,0,-1
17198,"Ruyigi",2021,34,0.8,0.4,0.9,0,-1
17199,"Rwibaga",2021,34,0.8,0.4,0.9,0,-1
17200,"Ryansoro",2021,34,0.8,0.4,0.9,0,-1
17201,"Vumbi",2021,34,0.8,0.4,0.9,0,-1
17202,"Zone Centre",2021,34,0.8,0.4,0.9,0,-1
17203,"Zone Nord",2021,34,0.8,0.4,0.9,0,-1
17204,"Zone Sud",2021,34,0.8,0.4,0.9,0,-1
17665,"Bubanza",2021,35,0.8,0.4,0.9,0,-1
17666,"Bugarama",2021,35,0.8,0.4,0.9,0,-1
17667,"Buhiga",2021,35,0.8,0.4,0.9,0,-1
17668,"Bururi",2021,35,0.8,0.4,0.9,0,-1
17669,"Busoni",2021,35,0.8,0.4,0.9,0,-1
17670,"Butezi",2021,35,0.8,0.4,0.9,0,-1
17671,"Buye",2021,35,0.8,0.4,0.9,0,-1
17672,"Cankuzo",2021,35,0.8,0.4,0.9,0,-1
17673,"Cibitoke",2021,35,0.8,0.4,0.9,0,-1
17674,"Fota",2021,35,0.8,0.4,0.9,0,-1
17675,"Gahombo",2021,35,0.801,0.4005,0.9,0,-1
17676,"Gashoho",2021,35,0.8,0.4,0.9,0,-1
17677,"Gihofi",2021,35,0.8,0.4,0.9,0,-1
17678,"Gitega",2021,35,0.8,0.4,0.9,0,-1
17679,"Giteranyi",2021,35,0.8,0.4,0.9,0,-1
17680,"Isale",2021,35,0.8,0.4,0.9,0,-1
17681,"Kabezi",2021,35,0.8,0.4,0.9,0,-1
17682,"Kayanza",2021,35,0.8,0.4,0.9,0,-1
17683,"Kibumbu",2021,35,0.8,0.4,0.9,0,-1
17684,"Kibuye",2021,35,0.8,0.4,0.9,0,-1
17685,"Kiganda",2021,35,0.8,0.4,0.9,0,-1
17686,"Kinyinya",2021,35,0.8,0.4,0.9,0,-1
17687,"Kiremba",2021,35,0.8,0.4,0.9,0,-1
17688,"Kirundo",2021,35,0.8,0.4,0.9,0,-1
17689,"Mabayi",2021,35,0.8,0.4,0.9,0,-1
17690,"Makamba",2021,35,0.8,0.4,0.9,0,-1
17691,"Matana",2021,35,0.8,0.4,0.9,0,-1
17692,"Mpanda",2021,35,0.8,0.4,0.9,0,-1
17693,"Mukenke",2021,35,0.814,0.407,0.9,0,-1
17694,"Muramvya",2021,35,0.8,0.4,0.9,0,-1
17695,"Murore",2021,35,0.8,0.4,0.9,0,-1
17696,"Musema",2021,35,0.816,0.408,0.9,0,-1
17697,"Mutaho",2021,35,0.8,0.4,0.9,0,-1
17698,"Muyinga",2021,35,0.8,0.4,0.9,0,-1
17699,"Ngozi",2021,35,0.8,0.4,0.9,0,-1
17700,"Nyabikere",2021,35,0.879,0.4395,0.9,0,-1
17701,"Nyanza-Lac",2021,35,0.8,0.4,0.9,0,-1
17702,"Rumonge",2021,35,0.8,0.4,0.9,0,-1
17703,"Rutana",2021,35,0.8,0.4,0.9,0,-1
17704,"Ruyigi",2021,35,0.8,0.4,0.9,0,-1
17705,"Rwibaga",2021,35,0.8,0.4,0.9,0,-1
17706,"Ryansoro",2021,35,0.8,0.4,0.9,0,-1
17707,"Vumbi",2021,35,0.8,0.4,0.9,0,-1
17708,"Zone Centre",2021,35,0.8,0.4,0.9,0,-1
17709,"Zone Nord",2021,35,0.8,0.4,0.9,0,-1
17710,"Zone Sud",2021,35,0.8,0.4,0.9,0,-1
18171,"Bubanza",2021,36,0.8,0.4,0.9,0,-1
18172,"Bugarama",2021,36,0.8,0.4,0.9,0,-1
18173,"Buhiga",2021,36,0.8,0.4,0.9,0,-1
18174,"Bururi",2021,36,0.8,0.4,0.9,0,-1
18175,"Busoni",2021,36,0.8,0.4,0.9,0,-1
18176,"Butezi",2021,36,0.8,0.4,0.9,0,-1
18177,"Buye",2021,36,0.8,0.4,0.9,0,-1
18178,"Cankuzo",2021,36,0.8,0.4,0.9,0,-1
18179,"Cibitoke",2021,36,0.8,0.4,0.9,0,-1
18180,"Fota",2021,36,0.8,0.4,0.9,0,-1
18181,"Gahombo",2021,36,0.8,0.4,0.9,0,-1
18182,"Gashoho",2021,36,0.817,0.4085,0.9,0,-1
18183,"Gihofi",2021,36,0.8,0.4,0.9,0,-1
18184,"Gitega",2021,36,0.8,0.4,0.9,0,-1
18185,"Giteranyi",2021,36,0.8,0.4,0.9,0,-1
18186,"Isale",2021,36,0.8,0.4,0.9,0,-1
18187,"Kabezi",2021,36,0.8,0.4,0.9,0,-1
18188,"Kayanza",2021,36,0.8,0.4,0.9,0,-1
18189,"Kibumbu",2021,36,0.8,0.4,0.9,0,-1
18190,"Kibuye",2021,36,0.8,0.4,0.9,0,-1
18191,"Kiganda",2021,36,0.8,0.4,0.9,0,-1
18192,"Kinyinya",2021,36,0.8,0.4,0.9,0,-1
18193,"Kiremba",2021,36,0.8,0.4,0.9,0,-1
18194,"Kirundo",2021,36,0.819,0.4095,0.9,0,-1
18195,"Mabayi",2021,36,0.808,0.404,0.9,0,-1
18196,"Makamba",2021,36,0.8,0.4,0.9,0,-1
18197,"Matana",2021,36,0.8,0.4,0.9,0,-1
18198,"Mpanda",2021,36,0.8,0.4,0.9,0,-1
18199,"Mukenke",2021,36,0.8,0.4,0.9,0,-1
18200,"Muramvya",2021,36,0.8,0.4,0.9,0,-1
18201,"Murore",2021,36,0.8,0.4,0.9,0,-1
18202,"Musema",2021,36,0.8,0.4,0.9,0,-1
18203,"Mutaho",2021,36,0.804,0.402,0.9,0,-1
18204,"Muyinga",2021,36,0.8,0.4,0.9,0,-1
18205,"Ngozi",2021,36,0.8,0.4,0.9,0,-1
18206,"Nyabikere",2021,36,0.812,0.406,0.9,0,-1
18207,"Nyanza-Lac",2021,36,0.8,0.4,0.9,0,-1
18208,"Rumonge",2021,36,0.8,0.4,0.9,0,-1
18209,"Rutana",2021,36,0.8,0.4,0.9,0,-1
18210,"Ruyigi",2021,36,0.8,0.4,0.9,0,-1
18211,"Rwibaga",2021,36,0.8,0.4,0.9,0,-1
18212,"Ryansoro",2021,36,0.8,0.4,0.9,0,-1
18213,"Vumbi",2021,36,0.8,0.4,0.9,0,-1
18214,"Zone Centre",2021,36,0.8,0.4,0.9,0,-1
18215,"Zone Nord",2021,36,0.8,0.4,0.9,0,-1
18216,"Zone Sud",2021,36,0.8,0.4,0.9,0,-1
18677,"Bubanza",2021,37,0.8,0.4,0.9,0,-1
18678,"Bugarama",2021,37,0.8,0.4,0.9,0,-1
18679,"Buhiga",2021,37,0.8,0.4,0.9,0,-1
18680,"Bururi",2021,37,0.8,0.4,0.9,0,-1
18681,"Busoni",2021,37,0.8,0.4,0.9,0,-1
18682,"Butezi",2021,37,0.8,0.4,0.9,0,-1
18683,"Buye",2021,37,0.8,0.4,0.9,0,-1
18684,"Cankuzo",2021,37,0.8,0.4,0.9,0,-1
18685,"Cibitoke",2021,37,0.8,0.4,0.9,0,-1
18686,"Fota",2021,37,0.8,0.4,0.9,0,-1
18687,"Gahombo",2021,37,0.833,0.4165,0.9,0,-1
18688,"Gashoho",2021,37,0.8,0.4,0.9,0,-1
18689,"Gihofi",2021,37,0.8,0.4,0.9,0,-1
18690,"Gitega",2021,37,0.8,0.4,0.9,0,-1
18691,"Giteranyi",2021,37,0.807,0.4035,0.9,0,-1
18692,"Isale",2021,37,0.8,0.4,0.9,0,-1
18693,"Kabezi",2021,37,0.8,0.4,0.9,0,-1
18694,"Kayanza",2021,37,0.8,0.4,0.9,0,-1
18695,"Kibumbu",2021,37,0.8,0.4,0.9,0,-1
18696,"Kibuye",2021,37,0.8,0.4,0.9,0,-1
18697,"Kiganda",2021,37,0.8,0.4,0.9,0,-1
18698,"Kinyinya",2021,37,0.8,0.4,0.9,0,-1
18699,"Kiremba",2021,37,0.8,0.4,0.9,0,-1
18700,"Kirundo",2021,37,0.8,0.4,0.9,0,-1
18701,"Mabayi",2021,37,0.8,0.4,0.9,0,-1
18702,"Makamba",2021,37,0.8,0.4,0.9,0,-1
18703,"Matana",2021,37,0.8,0.4,0.9,0,-1
18704,"Mpanda",2021,37,0.8,0.4,0.9,0,-1
18705,"Mukenke",2021,37,0.846,0.423,0.9,0,-1
18706,"Muramvya",2021,37,0.8,0.4,0.9,0,-1
18707,"Murore",2021,37,0.8,0.4,0.9,0,-1
18708,"Musema",2021,37,0.8,0.4,0.9,0,-1
18709,"Mutaho",2021,37,0.8,0.4,0.9,0,-1
18710,"Muyinga",2021,37,0.8,0.4,0.9,0,-1
18711,"Ngozi",2021,37,0.8,0.4,0.9,0,-1
18712,"Nyabikere",2021,37,0.856,0.428,0.9,0,-1
18713,"Nyanza-Lac",2021,37,0.8,0.4,0.9,0,-1
18714,"Rumonge",2021,37,0.8,0.4,0.9,0,-1
18715,"Rutana",2021,37,0.8,0.4,0.9,0,-1
18716,"Ruyigi",2021,37,0.8,0.4,0.9,0,-1
18717,"Rwibaga",2021,37,0.8,0.4,0.9,0,-1
18718,"Ryansoro",2021,37,0.8,0.4,0.9,0,-1
18719,"Vumbi",2021,37,0.8,0.4,0.9,0,-1
18720,"Zone Centre",2021,37,0.8,0.4,0.9,0,-1
18721,"Zone Nord",2021,37,0.8,0.4,0.9,0,-1
18722,"Zone Sud",2021,37,0.8,0.4,0.9,0,-1
19183,"Bubanza",2021,38,0.8,0.4,0.9,0,-1
19184,"Bugarama",2021,38,0.8,0.4,0.9,0,-1
19185,"Buhiga",2021,38,0.801,0.4005,0.9,0,-1
19186,"Bururi",2021,38,0.8,0.4,0.9,0,-1
19187,"Busoni",2021,38,0.8,0.4,0.9,0,-1
19188,"Butezi",2021,38,0.8,0.4,0.9,0,-1
19189,"Buye",2021,38,0.8,0.4,0.9,0,-1
19190,"Cankuzo",2021,38,0.819,0.4095,0.9,0,-1
19191,"Cibitoke",2021,38,0.8,0.4,0.9,0,-1
19192,"Fota",2021,38,0.8,0.4,0.9,0,-1
19193,"Gahombo",2021,38,0.8,0.4,0.9,0,-1
19194,"Gashoho",2021,38,0.817,0.4085,0.9,0,-1
19195,"Gihofi",2021,38,0.8,0.4,0.9,0,-1
19196,"Gitega",2021,38,0.8,0.4,0.9,0,-1
19197,"Giteranyi",2021,38,0.8,0.4,0.9,0,-1
19198,"Isale",2021,38,0.8,0.4,0.9,0,-1
19199,"Kabezi",2021,38,0.8,0.4,0.9,0,-1
19200,"Kayanza",2021,38,0.8,0.4,0.9,0,-1
19201,"Kibumbu",2021,38,0.8,0.4,0.9,0,-1
19202,"Kibuye",2021,38,0.8,0.4,0.9,0,-1
19203,"Kiganda",2021,38,0.8,0.4,0.9,0,-1
19204,"Kinyinya",2021,38,0.8,0.4,0.9,0,-1
19205,"Kiremba",2021,38,0.8,0.4,0.9,0,-1
19206,"Kirundo",2021,38,0.8,0.4,0.9,0,-1
19207,"Mabayi",2021,38,0.8,0.4,0.9,0,-1
19208,"Makamba",2021,38,0.8,0.4,0.9,0,-1
19209,"Matana",2021,38,0.8,0.4,0.9,0,-1
19210,"Mpanda",2021,38,0.8,0.4,0.9,0,-1
19211,"Mukenke",2021,38,0.8,0.4,0.9,0,-1
19212,"Muramvya",2021,38,0.8,0.4,0.9,0,-1
19213,"Murore",2021,38,0.8,0.4,0.9,0,-1
19214,"Musema",2021,38,0.8,0.4,0.9,0,-1
19215,"Mutaho",2021,38,0.8,0.4,0.9,0,-1
19216,"Muyinga",2021,38,0.8,0.4,0.9,0,-1
19217,"Ngozi",2021,38,0.8,0.4,0.9,0,-1
19218,"Nyabikere",2021,38,0.915,0.4575,0.9,0,-1
19219,"Nyanza-Lac",2021,38,0.8,0.4,0.9,0,-1
19220,"Rumonge",2021,38,0.8,0.4,0.9,0,-1
19221,"Rutana",2021,38,0.8,0.4,0.9,0,-1
19222,"Ruyigi",2021,38,0.8,0.4,0.9,0,-1
19223,"Rwibaga",2021,38,0.8,0.4,0.9,0,-1
19224,"Ryansoro",2021,38,0.8,0.4,0.9,0,-1
19225,"Vumbi",2021,38,0.8,0.4,0.9,0,-1
19226,"Zone Centre",2021,38,0.8,0.4,0.9,0,-1
19227,"Zone Nord",2021,38,0.8,0.4,0.9,0,-1
19228,"Zone Sud",2021,38,0.8,0.4,0.9,0,-1
19689,"Bubanza",2021,39,0.8,0.4,0.9,0,-1
19690,"Bugarama",2021,39,0.8,0.4,0.9,0,-1
19691,"Buhiga",2021,39,0.8,0.4,0.9,0,-1
19692,"Bururi",2021,39,0.8,0.4,0.9,0,-1
19693,"Busoni",2021,39,0.8,0.4,0.9,0,-1
19694,"Butezi",2021,39,0.8,0.4,0.9,0,-1
19695,"Buye",2021,39,0.8,0.4,0.9,0,-1
19696,"Cankuzo",2021,39,0.8,0.4,0.9,0,-1
19697,"Cibitoke",2021,39,0.8,0.4,0.9,0,-1
19698,"Fota",2021,39,0.8,0.4,0.9,0,-1
19699,"Gahombo",2021,39,0.8,0.4,0.9,0,-1
19700,"Gashoho",2021,39,0.8,0.4,0.9,0,-1
19701,"Gihofi",2021,39,0.8,0.4,0.9,0,-1
19702,"Gitega",2021,39,0.8,0.4,0.9,0,-1
19703,"Giteranyi",2021,39,0.8,0.4,0.9,0,-1
19704,"Isale",2021,39,0.8,0.4,0.9,0,-1
19705,"Kabezi",2021,39,0.8,0.4,0.9,0,-1
19706,"Kayanza",2021,39,0.8,0.4,0.9,0,-1
19707,"Kibumbu",2021,39,0.8,0.4,0.9,0,-1
19708,"Kibuye",2021,39,0.8,0.4,0.9,0,-1
19709,"Kiganda",2021,39,0.8,0.4,0.9,0,-1
19710,"Kinyinya",2021,39,0.8,0.4,0.9,0,-1
19711,"Kiremba",2021,39,0.8,0.4,0.9,0,-1
19712,"Kirundo",2021,39,0.8,0.4,0.9,0,-1
19713,"Mabayi",2021,39,0.8,0.4,0.9,0,-1
19714,"Makamba",2021,39,0.8,0.4,0.9,0,-1
19715,"Matana",2021,39,0.8,0.4,0.9,0,-1
19716,"Mpanda",2021,39,0.8,0.4,0.9,0,-1
19717,"Mukenke",2021,39,0.901,0.4505,0.9,0,-1
19718,"Muramvya",2021,39,0.8,0.4,0.9,0,-1
19719,"Murore",2021,39,0.8,0.4,0.9,0,-1
19720,"Musema",2021,39,0.8,0.4,0.9,0,-1
19721,"Mutaho",2021,39,0.817,0.4085,0.9,0,-1
19722,"Muyinga",2021,39,0.8,0.4,0.9,0,-1
19723,"Ngozi",2021,39,0.8,0.4,0.9,0,-1
19724,"Nyabikere",2021,39,0.9,0.45,0.9,0,-1
19725,"Nyanza-Lac",2021,39,0.8,0.4,0.9,0,-1
19726,"Rumonge",2021,39,0.8,0.4,0.9,0,-1
19727,"Rutana",2021,39,0.8,0.4,0.9,0,-1
19728,"Ruyigi",2021,39,0.8,0.4,0.9,0,-1
19729,"Rwibaga",2021,39,0.8,0.4,0.9,0,-1
19730,"Ryansoro",2021,39,0.8,0.4,0.9,0,-1
19731,"Vumbi",2021,39,0.8,0.4,0.9,0,-1
19732,"Zone Centre",2021,39,0.8,0.4,0.9,0,-1
19733,"Zone Nord",2021,39,0.8,0.4,0.9,0,-1
19734,"Zone Sud",2021,39,0.8,0.4,0.9,0,-1
20195,"Bubanza",2021,40,0.8,0.4,0.9,0,-1
20196,"Bugarama",2021,40,0.8,0.4,0.9,0,-1
20197,"Buhiga",2021,40,0.8,0.4,0.9,0,-1
20198,"Bururi",2021,40,0.8,0.4,0.9,0,-1
20199,"Busoni",2021,40,0.8,0.4,0.9,0,-1
20200,"Butezi",2021,40,0.8,0.4,0.9,0,-1
20201,"Buye",2021,40,0.8,0.4,0.9,0,-1
20202,"Cankuzo",2021,40,0.8,0.4,0.9,0,-1
20203,"Cibitoke",2021,40,0.8,0.4,0.9,0,-1
20204,"Fota",2021,40,0.8,0.4,0.9,0,-1
20205,"Gahombo",2021,40,0.8,0.4,0.9,0,-1
20206,"Gashoho",2021,40,0.837,0.4185,0.9,0,-1
20207,"Gihofi",2021,40,0.8,0.4,0.9,0,-1
20208,"Gitega",2021,40,0.8,0.4,0.9,0,-1
20209,"Giteranyi",2021,40,0.8,0.4,0.9,0,-1
20210,"Isale",2021,40,0.8,0.4,0.9,0,-1
20211,"Kabezi",2021,40,0.8,0.4,0.9,0,-1
20212,"Kayanza",2021,40,0.8,0.4,0.9,0,-1
20213,"Kibumbu",2021,40,0.8,0.4,0.9,0,-1
20214,"Kibuye",2021,40,0.8,0.4,0.9,0,-1
20215,"Kiganda",2021,40,0.8,0.4,0.9,0,-1
20216,"Kinyinya",2021,40,0.8,0.4,0.9,0,-1
20217,"Kiremba",2021,40,0.8,0.4,0.9,0,-1
20218,"Kirundo",2021,40,0.8,0.4,0.9,0,-1
20219,"Mabayi",2021,40,0.824,0.412,0.9,0,-1
20220,"Makamba",2021,40,0.8,0.4,0.9,0,-1
20221,"Matana",2021,40,0.8,0.4,0.9,0,-1
20222,"Mpanda",2021,40,0.8,0.4,0.9,0,-1
20223,"Mukenke",2021,40,0.879,0.4395,0.9,0,-1
20224,"Muramvya",2021,40,0.8,0.4,0.9,0,-1
20225,"Murore",2021,40,0.8,0.4,0.9,0,-1
20226,"Musema",2021,40,0.8,0.4,0.9,0,-1
20227,"Mutaho",2021,40,0.821,0.4105,0.9,0,-1
20228,"Muyinga",2021,40,0.8,0.4,0.9,0,-1
20229,"Ngozi",2021,40,0.8,0.4,0.9,0,-1
20230,"Nyabikere",2021,40,0.852,0.426,0.9,0,-1
20231,"Nyanza-Lac",2021,40,0.8,0.4,0.9,0,-1
20232,"Rumonge",2021,40,0.8,0.4,0.9,0,-1
20233,"Rutana",2021,40,0.8,0.4,0.9,0,-1
20234,"Ruyigi",2021,40,0.8,0.4,0.9,0,-1
20235,"Rwibaga",2021,40,0.8,0.4,0.9,0,-1
20236,"Ryansoro",2021,40,0.8,0.4,0.9,0,-1
20237,"Vumbi",2021,40,0.8,0.4,0.9,0,-1
20238,"Zone Centre",2021,40,0.8,0.4,0.9,0,-1
20239,"Zone Nord",2021,40,0.8,0.4,0.9,0,-1
20240,"Zone Sud",2021,40,0.8,0.4,0.9,0,-1
20701,"Bubanza",2021,41,0.8,0.4,0.9,0,-1
20702,"Bugarama",2021,41,0.8,0.4,0.9,0,-1
20703,"Buhiga",2021,41,0.8,0.4,0.9,0,-1
20704,"Bururi",2021,41,0.8,0.4,0.9,0,-1
20705,"Busoni",2021,41,0.8,0.4,0.9,0,-1
20706,"Butezi",2021,41,0.8,0.4,0.9,0,-1
20707,"Buye",2021,41,0.8,0.4,0.9,0,-1
20708,"Cankuzo",2021,41,0.816,0.408,0.9,0,-1
20709,"Cibitoke",2021,41,0.8,0.4,0.9,0,-1
20710,"Fota",2021,41,0.8,0.4,0.9,0,-1
20711,"Gahombo",2021,41,0.8,0.4,0.9,0,-1
20712,"Gashoho",2021,41,0.811,0.4055,0.9,0,-1
20713,"Gihofi",2021,41,0.8,0.4,0.9,0,-1
20714,"Gitega",2021,41,0.8,0.4,0.9,0,-1
20715,"Giteranyi",2021,41,0.845,0.4225,0.9,0,-1
20716,"Isale",2021,41,0.8,0.4,0.9,0,-1
20717,"Kabezi",2021,41,0.8,0.4,0.9,0,-1
20718,"Kayanza",2021,41,0.8,0.4,0.9,0,-1
20719,"Kibumbu",2021,41,0.8,0.4,0.9,0,-1
20720,"Kibuye",2021,41,0.8,0.4,0.9,0,-1
20721,"Kiganda",2021,41,0.8,0.4,0.9,0,-1
20722,"Kinyinya",2021,41,0.8,0.4,0.9,0,-1
20723,"Kiremba",2021,41,0.8,0.4,0.9,0,-1
20724,"Kirundo",2021,41,0.8,0.4,0.9,0,-1
20725,"Mabayi",2021,41,0.8,0.4,0.9,0,-1
20726,"Makamba",2021,41,0.8,0.4,0.9,0,-1
20727,"Matana",2021,41,0.8,0.4,0.9,0,-1
20728,"Mpanda",2021,41,0.8,0.4,0.9,0,-1
20729,"Mukenke",2021,41,0.848,0.424,0.9,0,-1
20730,"Muramvya",2021,41,0.8,0.4,0.9,0,-1
20731,"Murore",2021,41,0.8,0.4,0.9,0,-1
20732,"Musema",2021,41,0.8,0.4,0.9,0,-1
20733,"Mutaho",2021,41,0.8,0.4,0.9,0,-1
20734,"Muyinga",2021,41,0.8,0.4,0.9,0,-1
20735,"Ngozi",2021,41,0.8,0.4,0.9,0,-1
20736,"Nyabikere",2021,41,0.867,0.4335,0.9,0,-1
20737,"Nyanza-Lac",2021,41,0.8,0.4,0.9,0,-1
20738,"Rumonge",2021,41,0.8,0.4,0.9,0,-1
20739,"Rutana",2021,41,0.8,0.4,0.9,0,-1
20740,"Ruyigi",2021,41,0.8,0.4,0.9,0,-1
20741,"Rwibaga",2021,41,0.8,0.4,0.9,0,-1
20742,"Ryansoro",2021,41,0.8,0.4,0.9,0,-1
20743,"Vumbi",2021,41,0.8,0.4,0.9,0,-1
20744,"Zone Centre",2021,41,0.8,0.4,0.9,0,-1
20745,"Zone Nord",2021,41,0.8,0.4,0.9,0,-1
20746,"Zone Sud",2021,41,0.8,0.4,0.9,0,-1
21207,"Bubanza",2021,42,0.8,0.4,0.9,0,-1
21208,"Bugarama",2021,42,0.8,0.4,0.9,0,-1
21209,"Buhiga",2021,42,0.821,0.4105,0.9,0,-1
21210,"Bururi",2021,42,0.8,0.4,0.9,0,-1
21211,"Busoni",2021,42,0.8,0.4,0.9,0,-1
21212,"Butezi",2021,42,0.8,0.4,0.9,0,-1
21213,"Buye",2021,42,0.8,0.4,0.9,0,-1
21214,"Cankuzo",2021,42,0.8,0.4,0.9,0,-1
21215,"Cibitoke",2021,42,0.8,0.4,0.9,0,-1
21216,"Fota",2021,42,0.8,0.4,0.9,0,-1
21217,"Gahombo",2021,42,0.8,0.4,0.9,0,-1
21218,"Gashoho",2021,42,0.8,0.4,0.9,0,-1
21219,"Gihofi",2021,42,0.8,0.4,0.9,0,-1
21220,"Gitega",2021,42,0.8,0.4,0.9,0,-1
21221,"Giteranyi",2021,42,0.8,0.4,0.9,0,-1
21222,"Isale",2021,42,0.8,0.4,0.9,0,-1
21223,"Kabezi",2021,42,0.8,0.4,0.9,0,-1
21224,"Kayanza",2021,42,0.8,0.4,0.9,0,-1
21225,"Kibumbu",2021,42,0.8,0.4,0.9,0,-1
21226,"Kibuye",2021,42,0.8,0.4,0.9,0,-1
21227,"Kiganda",2021,42,0.8,0.4,0.9,0,-1
21228,"Kinyinya",2021,42,0.8,0.4,0.9,0,-1
21229,"Kiremba",2021,42,0.8,0.4,0.9,0,-1
21230,"Kirundo",2021,42,0.8,0.4,0.9,0,-1
21231,"Mabayi",2021,42,0.813,0.4065,0.9,0,-1
21232,"Makamba",2021,42,0.8,0.4,0.9,0,-1
21233,"Matana",2021,42,0.8,0.4,0.9,0,-1
21234,"Mpanda",2021,42,0.8,0.4,0.9,0,-1
21235,"Mukenke",2021,42,0.8,0.4,0.9,0,-1
21236,"Muramvya",2021,42,0.8,0.4,0.9,0,-1
21237,"Murore",2021,42,0.8,0.4,0.9,0,-1
21238,"Musema",2021,42,0.8,0.4,0.9,0,-1
21239,"Mutaho",2021,42,0.8,0.4,0.9,0,-1
21240,"Muyinga",2021,42,0.8,0.4,0.9,0,-1
21241,"Ngozi",2021,42,0.8,0.4,0.9,0,-1
21242,"Nyabikere",2021,42,0.853,0.4265,0.9,0,-1
21243,"Nyanza-Lac",2021,42,0.8,0.4,0.9,0,-1
21244,"Rumonge",2021,42,0.8,0.4,0.9,0,-1
21245,"Rutana",2021,42,0.8,0.4,0.9,0,-1
21246,"Ruyigi",2021,42,0.8,0.4,0.9,0,-1
21247,"Rwibaga",2021,42,0.8,0.4,0.9,0,-1
21248,"Ryansoro",2021,42,0.8,0.4,0.9,0,-1
21249,"Vumbi",2021,42,0.8,0.4,0.9,0,-1
21250,"Zone Centre",2021,42,0.8,0.4,0.9,0,-1
21251,"Zone Nord",2021,42,0.8,0.4,0.9,0,-1
21252,"Zone Sud",2021,42,0.8,0.4,0.9,0,-1
21713,"Bubanza",2021,43,0.8,0.4,0.9,0,-1
21714,"Bugarama",2021,43,0.8,0.4,0.9,0,-1
21715,"Buhiga",2021,43,0.8,0.4,0.9,0,-1
21716,"Bururi",2021,43,0.8,0.4,0.9,0,-1
21717,"Busoni",2021,43,0.8,0.4,0.9,0,-1
21718,"Butezi",2021,43,0.8,0.4,0.9,0,-1
21719,"Buye",2021,43,0.8,0.4,0.9,0,-1
21720,"Cankuzo",2021,43,0.814,0.407,0.9,0,-1
21721,"Cibitoke",2021,43,0.8,0.4,0.9,0,-1
21722,"Fota",2021,43,0.8,0.4,0.9,0,-1
21723,"Gahombo",2021,43,0.8,0.4,0.9,0,-1
21724,"Gashoho",2021,43,0.8,0.4,0.9,0,-1
21725,"Gihofi",2021,43,0.8,0.4,0.9,0,-1
21726,"Gitega",2021,43,0.8,0.4,0.9,0,-1
21727,"Giteranyi",2021,43,0.8,0.4,0.9,0,-1
21728,"Isale",2021,43,0.8,0.4,0.9,0,-1
21729,"Kabezi",2021,43,0.8,0.4,0.9,0,-1
21730,"Kayanza",2021,43,0.8,0.4,0.9,0,-1
21731,"Kibumbu",2021,43,0.8,0.4,0.9,0,-1
21732,"Kibuye",2021,43,0.8,0.4,0.9,0,-1
21733,"Kiganda",2021,43,0.8,0.4,0.9,0,-1
21734,"Kinyinya",2021,43,0.8,0.4,0.9,0,-1
21735,"Kiremba",2021,43,0.8,0.4,0.9,0,-1
21736,"Kirundo",2021,43,0.8,0.4,0.9,0,-1
21737,"Mabayi",2021,43,0.8,0.4,0.9,0,-1
21738,"Makamba",2021,43,0.8,0.4,0.9,0,-1
21739,"Matana",2021,43,0.8,0.4,0.9,0,-1
21740,"Mpanda",2021,43,0.8,0.4,0.9,0,-1
21741,"Mukenke",2021,43,0.896,0.448,0.9,0,-1
21742,"Muramvya",2021,43,0.8,0.4,0.9,0,-1
21743,"Murore",2021,43,0.8,0.4,0.9,0,-1
21744,"Musema",2021,43,0.8,0.4,0.9,0,-1
21745,"Mutaho",2021,43,0.817,0.4085,0.9,0,-1
21746,"Muyinga",2021,43,0.8,0.4,0.9,0,-1
21747,"Ngozi",2021,43,0.8,0.4,0.9,0,-1
21748,"Nyabikere",2021,43,0.879,0.4395,0.9,0,-1
21749,"Nyanza-Lac",2021,43,0.8,0.4,0.9,0,-1
21750,"Rumonge",2021,43,0.8,0.4,0.9,0,-1
21751,"Rutana",2021,43,0.8,0.4,0.9,0,-1
21752,"Ruyigi",2021,43,0.8,0.4,0.9,0,-1
21753,"Rwibaga",2021,43,0.8,0.4,0.9,0,-1
21754,"Ryansoro",2021,43,0.8,0.4,0.9,0,-1
21755,"Vumbi",2021,43,0.8,0.4,0.9,0,-1
21756,"Zone Centre",2021,43,0.8,0.4,0.9,0,-1
21757,"Zone Nord",2021,43,0.8,0.4,0.9,0,-1
21758,"Zone Sud",2021,43,0.8,0.4,0.9,0,-1
22219,"Bubanza",2021,44,0.8,0.4,0.9,0,-1
22220,"Bugarama",2021,44,0.8,0.4,0.9,0,-1
22221,"Buhiga",2021,44,0.8,0.4,0.9,0,-1
22222,"Bururi",2021,44,0.8,0.4,0.9,0,-1
22223,"Busoni",2021,44,0.8,0.4,0.9,0,-1
22224,"Butezi",2021,44,0.8,0.4,0.9,0,-1
22225,"Buye",2021,44,0.8,0.4,0.9,0,-1
22226,"Cankuzo",2021,44,0.825,0.4125,0.9,0,-1
22227,"Cibitoke",2021,44,0.8,0.4,0.9,0,-1
22228,"Fota",2021,44,0.8,0.4,0.9,0,-1
22229,"Gahombo",2021,44,0.8,0.4,0.9,0,-1
22230,"Gashoho",2021,44,0.8,0.4,0.9,0,-1
22231,"Gihofi",2021,44,0.8,0.4,0.9,0,-1
22232,"Gitega",2021,44,0.8,0.4,0.9,0,-1
22233,"Giteranyi",2021,44,0.8,0.4,0.9,0,-1
22234,"Isale",2021,44,0.8,0.4,0.9,0,-1
22235,"Kabezi",2021,44,0.8,0.4,0.9,0,-1
22236,"Kayanza",2021,44,0.8,0.4,0.9,0,-1
22237,"Kibumbu",2021,44,0.8,0.4,0.9,0,-1
22238,"Kibuye",2021,44,0.8,0.4,0.9,0,-1
22239,"Kiganda",2021,44,0.8,0.4,0.9,0,-1
22240,"Kinyinya",2021,44,0.8,0.4,0.9,0,-1
22241,"Kiremba",2021,44,0.8,0.4,0.9,0,-1
22242,"Kirundo",2021,44,0.8,0.4,0.9,0,-1
22243,"Mabayi",2021,44,0.8,0.4,0.9,0,-1
22244,"Makamba",2021,44,0.8,0.4,0.9,0,-1
22245,"Matana",2021,44,0.8,0.4,0.9,0,-1
22246,"Mpanda",2021,44,0.8,0.4,0.9,0,-1
22247,"Mukenke",2021,44,0.831,0.4155,0.9,0,-1
22248,"Muramvya",2021,44,0.8,0.4,0.9,0,-1
22249,"Murore",2021,44,0.8,0.4,0.9,0,-1
22250,"Musema",2021,44,0.803,0.4015,0.9,0,-1
22251,"Mutaho",2021,44,0.8,0.4,0.9,0,-1
22252,"Muyinga",2021,44,0.8,0.4,0.9,0,-1
22253,"Ngozi",2021,44,0.8,0.4,0.9,0,-1
22254,"Nyabikere",2021,44,0.859,0.4295,0.9,0,-1
22255,"Nyanza-Lac",2021,44,0.8,0.4,0.9,0,-1
22256,"Rumonge",2021,44,0.8,0.4,0.9,0,-1
22257,"Rutana",2021,44,0.8,0.4,0.9,0,-1
22258,"Ruyigi",2021,44,0.8,0.4,0.9,0,-1
22259,"Rwibaga",2021,44,0.8,0.4,0.9,0,-1
22260,"Ryansoro",2021,44,0.8,0.4,0.9,0,-1
22261,"Vumbi",2021,44,0.8,0.4,0.9,0,-1
22262,"Zone Centre",2021,44,0.8,0.4,0.9,0,-1
22263,"Zone Nord",2021,44,0.8,0.4,0.9,0,-1
22264,"Zone Sud",2021,44,0.8,0.4,0.9,0,-1
22725,"Bubanza",2021,45,0.8,0.4,0.9,0,-1
22726,"Bugarama",2021,45,0.8,0.4,0.9,0,-1
22727,"Buhiga",2021,45,0.8,0.4,0.9,0,-1
22728,"Bururi",2021,45,0.8,0.4,0.9,0,-1
22729,"Busoni",2021,45,0.8,0.4,0.9,0,-1
22730,"Butezi",2021,45,0.8,0.4,0.9,0,-1
22731,"Buye",2021,45,0.8,0.4,0.9,0,-1
22732,"Cankuzo",2021,45,0.8,0.4,0.9,0,-1
22733,"Cibitoke",2021,45,0.8,0.4,0.9,0,-1
22734,"Fota",2021,45,0.8,0.4,0.9,0,-1
22735,"Gahombo",2021,45,0.8,0.4,0.9,0,-1
22736,"Gashoho",2021,45,0.818,0.409,0.9,0,-1
22737,"Gihofi",2021,45,0.8,0.4,0.9,0,-1
22738,"Gitega",2021,45,0.8,0.4,0.9,0,-1
22739,"Giteranyi",2021,45,0.829,0.4145,0.9,0,-1
22740,"Isale",2021,45,0.8,0.4,0.9,0,-1
22741,"Kabezi",2021,45,0.8,0.4,0.9,0,-1
22742,"Kayanza",2021,45,0.8,0.4,0.9,0,-1
22743,"Kibumbu",2021,45,0.8,0.4,0.9,0,-1
22744,"Kibuye",2021,45,0.8,0.4,0.9,0,-1
22745,"Kiganda",2021,45,0.8,0.4,0.9,0,-1
22746,"Kinyinya",2021,45,0.8,0.4,0.9,0,-1
22747,"Kiremba",2021,45,0.8,0.4,0.9,0,-1
22748,"Kirundo",2021,45,0.842,0.421,0.9,0,-1
22749,"Mabayi",2021,45,0.8,0.4,0.9,0,-1
22750,"Makamba",2021,45,0.8,0.4,0.9,0,-1
22751,"Matana",2021,45,0.8,0.4,0.9,0,-1
22752,"Mpanda",2021,45,0.8,0.4,0.9,0,-1
22753,"Mukenke",2021,45,0.858,0.429,0.9,0,-1
22754,"Muramvya",2021,45,0.8,0.4,0.9,0,-1
22755,"Murore",2021,45,0.8,0.4,0.9,0,-1
22756,"Musema",2021,45,0.8,0.4,0.9,0,-1
22757,"Mutaho",2021,45,0.8,0.4,0.9,0,-1
22758,"Muyinga",2021,45,0.8,0.4,0.9,0,-1
22759,"Ngozi",2021,45,0.8,0.4,0.9,0,-1
22760,"Nyabikere",2021,45,0.871,0.4355,0.9,0,-1
22761,"Nyanza-Lac",2021,45,0.8,0.4,0.9,0,-1
22762,"Rumonge",2021,45,0.8,0.4,0.9,0,-1
22763,"Rutana",2021,45,0.8,0.4,0.9,0,-1
22764,"Ruyigi",2021,45,0.8,0.4,0.9,0,-1
22765,"Rwibaga",2021,45,0.8,0.4,0.9,0,-1
22766,"Ryansoro",2021,45,0.8,0.4,0.9,0,-1
22767,"Vumbi",2021,45,0.8,0.4,0.9,0,-1
22768,"Zone Centre",2021,45,0.8,0.4,0.9,0,-1
22769,"Zone Nord",2021,45,0.8,0.4,0.9,0,-1
22770,"Zone Sud",2021,45,0.8,0.4,0.9,0,-1
23231,"Bubanza",2021,46,0.8,0.4,0.9,0,-1
23232,"Bugarama",2021,46,0.8,0.4,0.9,0,-1
23233,"Buhiga",2021,46,0.8,0.4,0.9,0,-1
23234,"Bururi",2021,46,0.8,0.4,0.9,0,-1
23235,"Busoni",2021,46,0.8,0.4,0.9,0,-1
23236,"Butezi",2021,46,0.8,0.4,0.9,0,-1
23237,"Buye",2021,46,0.8,0.4,0.9,0,-1
23238,"Cankuzo",2021,46,0.8,0.4,0.9,0,-1
23239,"Cibitoke",2021,46,0.8,0.4,0.9,0,-1
23240,"Fota",2021,46,0.8,0.4,0.9,0,-1
23241,"Gahombo",2021,46,0.8,0.4,0.9,0,-1
23242,"Gashoho",2021,46,0.8,0.4,0.9,0,-1
23243,"Gihofi",2021,46,0.8,0.4,0.9,0,-1
23244,"Gitega",2021,46,0.8,0.4,0.9,0,-1
23245,"Giteranyi",2021,46,0.8,0.4,0.9,0,-1
23246,"Isale",2021,46,0.8,0.4,0.9,0,-1
23247,"Kabezi",2021,46,0.8,0.4,0.9,0,-1
23248,"Kayanza",2021,46,0.8,0.4,0.9,0,-1
23249,"Kibumbu",2021,46,0.8,0.4,0.9,0,-1
23250,"Kibuye",2021,46,0.8,0.4,0.9,0,-1
23251,"Kiganda",2021,46,0.8,0.4,0.9,0,-1
23252,"Kinyinya",2021,46,0.8,0.4,0.9,0,-1
23253,"Kiremba",2021,46,0.8,0.4,0.9,0,-1
23254,"Kirundo",2021,46,0.807,0.4035,0.9,0,-1
23255,"Mabayi",2021,46,0.8,0.4,0.9,0,-1
23256,"Makamba",2021,46,0.8,0.4,0.9,0,-1
23257,"Matana",2021,46,0.8,0.4,0.9,0,-1
23258,"Mpanda",2021,46,0.8,0.4,0.9,0,-1
23259,"Mukenke",2021,46,0.8,0.4,0.9,0,-1
23260,"Muramvya",2021,46,0.8,0.4,0.9,0,-1
23261,"Murore",2021,46,0.8,0.4,0.9,0,-1
23262,"Musema",2021,46,0.823,0.4115,0.9,0,-1
23263,"Mutaho",2021,46,0.8,0.4,0.9,0,-1
23264,"Muyinga",2021,46,0.8,0.4,0.9,0,-1
23265,"Ngozi",2021,46,0.8,0.4,0.9,0,-1
23266,"Nyabikere",2021,46,0.882,0.441,0.9,0,-1
23267,"Nyanza-Lac",2021,46,0.8,0.4,0.9,0,-1
23268,"Rumonge",2021,46,0.8,0.4,0.9,0,-1
23269,"Rutana",2021,46,0.8,0.4,0.9,0,-1
23270,"Ruyigi",2021,46,0.8,0.4,0.9,0,-1
23271,"Rwibaga",2021,46,0.8,0.4,0.9,0,-1
23272,"Ryansoro",2021,46,0.8,0.4,0.9,0,-1
23273,"Vumbi",2021,46,0.8,0.4,0.9,0,-1
23274,"Zone Centre",2021,46,0.8,0.4,0.9,0,-1
23275,"Zone Nord",2021,46,0.8,0.4,0.9,0,-1
23276,"Zone Sud",2021,46,0.8,0.4,0.9,0,-1
23737,"Bubanza",2021,47,0.8,0.4,0.9,0,-1
23738,"Bugarama",2021,47,0.8,0.4,0.9,0,-1
23739,"Buhiga",2021,47,0.8,0.4,0.9,0,-1
23740,"Bururi",2021,47,0.8,0.4,0.9,0,-1
23741,"Busoni",2021,47,0.8,0.4,0.9,0,-1
23742,"Butezi",2021,47,0.8,0.4,0.9,0,-1
23743,"Buye",2021,47,0.8,0.4,0.9,0,-1
23744,"Cankuzo",2021,47,0.8,0.4,0.9,0,-1
23745,"Cibitoke",2021,47,0.8,0.4,0.9,0,-1
23746,"Fota",2021,47,0.8,0.4,0.9,0,-1
23747,"Gahombo",2021,47,0.8,0.4,0.9,0,-1
23748,"Gashoho",2021,47,0.8,0.4,0.9,0,-1
23749,"Gihofi",2021,47,0.8,0.4,0.9,0,-1
23750,"Gitega",2021,47,0.8,0.4,0.9,0,-1
23751,"Giteranyi",2021,47,0.8,0.4,0.9,0,-1
23752,"Isale",2021,47,0.8,0.4,0.9,0,-1
23753,"Kabezi",2021,47,0.8,0.4,0.9,0,-1
23754,"Kayanza",2021,47,0.8,0.4,0.9,0,-1
23755,"Kibumbu",2021,47,0.8,0.4,0.9,0,-1
23756,"Kibuye",2021,47,0.8,0.4,0.9,0,-1
23757,"Kiganda",2021,47,0.8,0.4,0.9,0,-1
23758,"Kinyinya",2021,47,0.8,0.4,0.9,0,-1
23759,"Kiremba",2021,47,0.8,0.4,0.9,0,-1
23760,"Kirundo",2021,47,0.8,0.4,0.9,0,-1
23761,"Mabayi",2021,47,0.832,0.416,0.9,0,-1
23762,"Makamba",2021,47,0.8,0.4,0.9,0,-1
23763,"Matana",2021,47,0.8,0.4,0.9,0,-1
23764,"Mpanda",2021,47,0.8,0.4,0.9,0,-1
23765,"Mukenke",2021,47,0.804,0.402,0.9,0,-1
23766,"Muramvya",2021,47,0.8,0.4,0.9,0,-1
23767,"Murore",2021,47,0.8,0.4,0.9,0,-1
23768,"Musema",2021,47,0.8,0.4,0.9,0,-1
23769,"Mutaho",2021,47,0.819,0.4095,0.9,0,-1
23770,"Muyinga",2021,47,0.8,0.4,0.9,0,-1
23771,"Ngozi",2021,47,0.8,0.4,0.9,0,-1
23772,"Nyabikere",2021,47,0.824,0.412,0.9,0,-1
23773,"Nyanza-Lac",2021,47,0.8,0.4,0.9,0,-1
23774,"Rumonge",2021,47,0.8,0.4,0.9,0,-1
23775,"Rutana",2021,47,0.8,0.4,0.9,0,-1
23776,"Ruyigi",2021,47,0.8,0.4,0.9,0,-1
23777,"Rwibaga",2021,47,0.8,0.4,0.9,0,-1
23778,"Ryansoro",2021,47,0.8,0.4,0.9,0,-1
23779,"Vumbi",2021,47,0.8,0.4,0.9,0,-1
23780,"Zone Centre",2021,47,0.8,0.4,0.9,0,-1
23781,"Zone Nord",2021,47,0.8,0.4,0.9,0,-1
23782,"Zone Sud",2021,47,0.8,0.4,0.9,0,-1
24243,"Bubanza",2021,48,0.8,0.4,0.9,0,-1
24244,"Bugarama",2021,48,0.8,0.4,0.9,0,-1
24245,"Buhiga",2021,48,0.8,0.4,0.9,0,-1
24246,"Bururi",2021,48,0.8,0.4,0.9,0,-1
24247,"Busoni",2021,48,0.8,0.4,0.9,0,-1
24248,"Butezi",2021,48,0.8,0.4,0.9,0,-1
24249,"Buye",2021,48,0.8,0.4,0.9,0,-1
24250,"Cankuzo",2021,48,0.801,0.4005,0.9,0,-1
24251,"Cibitoke",2021,48,0.8,0.4,0.9,0,-1
24252,"Fota",2021,48,0.8,0.4,0.9,0,-1
24253,"Gahombo",2021,48,0.8,0.4,0.9,0,-1
24254,"Gashoho",2021,48,0.8,0.4,0.9,0,-1
24255,"Gihofi",2021,48,0.8,0.4,0.9,0,-1
24256,"Gitega",2021,48,0.8,0.4,0.9,0,-1
24257,"Giteranyi",2021,48,0.806,0.403,0.9,0,-1
24258,"Isale",2021,48,0.8,0.4,0.9,0,-1
24259,"Kabezi",2021,48,0.8,0.4,0.9,0,-1
24260,"Kayanza",2021,48,0.8,0.4,0.9,0,-1
24261,"Kibumbu",2021,48,0.8,0.4,0.9,0,-1
24262,"Kibuye",2021,48,0.8,0.4,0.9,0,-1
24263,"Kiganda",2021,48,0.8,0.4,0.9,0,-1
24264,"Kinyinya",2021,48,0.8,0.4,0.9,0,-1
24265,"Kiremba",2021,48,0.8,0.4,0.9,0,-1
24266,"Kirundo",2021,48,0.8,0.4,0.9,0,-1
24267,"Mabayi",2021,48,0.8,0.4,0.9,0,-1
24268,"Makamba",2021,48,0.8,0.4,0.9,0,-1
24269,"Matana",2021,48,0.8,0.4,0.9,0,-1
24270,"Mpanda",2021,48,0.8,0.4,0.9,0,-1
24271,"Mukenke",2021,48,0.86,0.43,0.9,0,-1
24272,"Muramvya",2021,48,0.8,0.4,0.9,0,-1
24273,"Murore",2021,48,0.8,0.4,0.9,0,-1
24274,"Musema",2021,48,0.8,0.4,0.9,0,-1
24275,"Mutaho",2021,48,0.805,0.4025,0.9,0,-1
24276,"Muyinga",2021,48,0.8,0.4,0.9,0,-1
24277,"Ngozi",2021,48,0.8,0.4,0.9,0,-1
24278,"Nyabikere",2021,48,0.859,0.4295,0.9,0,-1
24279,"Nyanza-Lac",2021,48,0.8,0.4,0.9,0,-1
24280,"Rumonge",2021,48,0.8,0.4,0.9,0,-1
24281,"Rutana",2021,48,0.8,0.4,0.9,0,-1
24282,"Ruyigi",2021,48,0.8,0.4,0.9,0,-1
24283,"Rwibaga",2021,48,0.8,0.4,0.9,0,-1
24284,"Ryansoro",2021,48,0.8,0.4,0.9,0,-1
24285,"Vumbi",2021,48,0.8,0.4,0.9,0,-1
24286,"Zone Centre",2021,48,0.8,0.4,0.9,0,-1
24287,"Zone Nord",2021,48,0.8,0.4,0.9,0,-1
24288,"Zone Sud",2021,48,0.8,0.4,0.9,0,-1
24749,"Bubanza",2021,49,0.8,0.4,0.9,0,-1
24750,"Bugarama",2021,49,0.8,0.4,0.9,0,-1
24751,"Buhiga",2021,49,0.8,0.4,0.9,0,-1
24752,"Bururi",2021,49,0.8,0.4,0.9,0,-1
24753,"Busoni",2021,49,0.8,0.4,0.9,0,-1
24754,"Butezi",2021,49,0.8,0.4,0.9,0,-1
24755,"Buye",2021,49,0.8,0.4,0.9,0,-1
24756,"Cankuzo",2021,49,0.8,0.4,0.9,0,-1
24757,"Cibitoke",2021,49,0.8,0.4,0.9,0,-1
24758,"Fota",2021,49,0.8,0.4,0.9,0,-1
24759,"Gahombo",2021,49,0.8,0.4,0.9,0,-1
24760,"Gashoho",2021,49,0.8,0.4,0.9,0,-1
24761,"Gihofi",2021,49,0.8,0.4,0.9,0,-1
24762,"Gitega",2021,49,0.8,0.4,0.9,0,-1
24763,"Giteranyi",2021,49,0.812,0.406,0.9,0,-1
24764,"Isale",2021,49,0.8,0.4,0.9,0,-1
24765,"Kabezi",2021,49,0.8,0.4,0.9,0,-1
24766,"Kayanza",2021,49,0.8,0.4,0.9,0,-1
24767,"Kibumbu",2021,49,0.8,0.4,0.9,0,-1
24768,"Kibuye",2021,49,0.816,0.408,0.9,0,-1
24769,"Kiganda",2021,49,0.8,0.4,0.9,0,-1
24770,"Kinyinya",2021,49,0.8,0.4,0.9,0,-1
24771,"Kiremba",2021,49,0.8,0.4,0.9,0,-1
24772,"Kirundo",2021,49,0.8,0.4,0.9,0,-1
24773,"Mabayi",2021,49,0.8,0.4,0.9,0,-1
24774,"Makamba",2021,49,0.8,0.4,0.9,0,-1
24775,"Matana",2021,49,0.8,0.4,0.9,0,-1
24776,"Mpanda",2021,49,0.8,0.4,0.9,0,-1
24777,"Mukenke",2021,49,0.857,0.4285,0.9,0,-1
24778,"Muramvya",2021,49,0.8,0.4,0.9,0,-1
24779,"Murore",2021,49,0.8,0.4,0.9,0,-1
24780,"Musema",2021,49,0.8,0.4,0.9,0,-1
24781,"Mutaho",2021,49,0.819,0.4095,0.9,0,-1
24782,"Muyinga",2021,49,0.8,0.4,0.9,0,-1
24783,"Ngozi",2021,49,0.8,0.4,0.9,0,-1
24784,"Nyabikere",2021,49,0.869,0.4345,0.9,0,-1
24785,"Nyanza-Lac",2021,49,0.8,0.4,0.9,0,-1
24786,"Rumonge",2021,49,0.8,0.4,0.9,0,-1
24787,"Rutana",2021,49,0.8,0.4,0.9,0,-1
24788,"Ruyigi",2021,49,0.8,0.4,0.9,0,-1
24789,"Rwibaga",2021,49,0.8,0.4,0.9,0,-1
24790,"Ryansoro",2021,49,0.8,0.4,0.9,0,-1
24791,"Vumbi",2021,49,0.8,0.4,0.9,0,-1
24792,"Zone Centre",2021,49,0.8,0.4,0.9,0,-1
24793,"Zone Nord",2021,49,0.8,0.4,0.9,0,-1
24794,"Zone Sud",2021,49,0.8,0.4,0.9,0,-1
25255,"Bubanza",2021,50,0.8,0.4,0.9,0,-1
25256,"Bugarama",2021,50,0.8,0.4,0.9,0,-1
25257,"Buhiga",2021,50,0.8,0.4,0.9,0,-1
25258,"Bururi",2021,50,0.8,0.4,0.9,0,-1
25259,"Busoni",2021,50,0.8,0.4,0.9,0,-1
25260,"Butezi",2021,50,0.8,0.4,0.9,0,-1
25261,"Buye",2021,50,0.8,0.4,0.9,0,-1
25262,"Cankuzo",2021,50,0.8,0.4,0.9,0,-1
25263,"Cibitoke",2021,50,0.8,0.4,0.9,0,-1
25264,"Fota",2021,50,0.8,0.4,0.9,0,-1
25265,"Gahombo",2021,50,0.8,0.4,0.9,0,-1
25266,"Gashoho",2021,50,0.827,0.4135,0.9,0,-1
25267,"Gihofi",2021,50,0.8,0.4,0.9,0,-1
25268,"Gitega",2021,50,0.8,0.4,0.9,0,-1
25269,"Giteranyi",2021,50,0.823,0.4115,0.9,0,-1
25270,"Isale",2021,50,0.8,0.4,0.9,0,-1
25271,"Kabezi",2021,50,0.8,0.4,0.9,0,-1
25272,"Kayanza",2021,50,0.8,0.4,0.9,0,-1
25273,"Kibumbu",2021,50,0.8,0.4,0.9,0,-1
25274,"Kibuye",2021,50,0.8,0.4,0.9,0,-1
25275,"Kiganda",2021,50,0.8,0.4,0.9,0,-1
25276,"Kinyinya",2021,50,0.8,0.4,0.9,0,-1
25277,"Kiremba",2021,50,0.8,0.4,0.9,0,-1
25278,"Kirundo",2021,50,0.8,0.4,0.9,0,-1
25279,"Mabayi",2021,50,0.837,0.4185,0.9,0,-1
25280,"Makamba",2021,50,0.8,0.4,0.9,0,-1
25281,"Matana",2021,50,0.8,0.4,0.9,0,-1
25282,"Mpanda",2021,50,0.8,0.4,0.9,0,-1
25283,"Mukenke",2021,50,0.859,0.4295,0.9,0,-1
25284,"Muramvya",2021,50,0.8,0.4,0.9,0,-1
25285,"Murore",2021,50,0.8,0.4,0.9,0,-1
25286,"Musema",2021,50,0.8,0.4,0.9,0,-1
25287,"Mutaho",2021,50,0.8,0.4,0.9,0,-1
25288,"Muyinga",2021,50,0.8,0.4,0.9,0,-1
25289,"Ngozi",2021,50,0.8,0.4,0.9,0,-1
25290,"Nyabikere",2021,50,0.853,0.4265,0.9,0,-1
25291,"Nyanza-Lac",2021,50,0.8,0.4,0.9,0,-1
25292,"Rumonge",2021,50,0.8,0.4,0.9,0,-1
25293,"Rutana",2021,50,0.8,0.4,0.9,0,-1
25294,"Ruyigi",2021,50,0.8,0.4,0.9,0,-1
25295,"Rwibaga",2021,50,0.8,0.4,0.9,0,-1
25296,"Ryansoro",2021,50,0.8,0.4,0.9,0,-1
25297,"Vumbi",2021,50,0.8,0.4,0.9,0,-1
25298,"Zone Centre",2021,50,0.8,0.4,0.9,0,-1
25299,"Zone Nord",2021,50,0.8,0.4,0.9,0,-1
25300,"Zone Sud",2021,50,0.8,0.4,0.9,0,-1
25761,"Bubanza",2021,51,0.8,0.4,0.9,0,-1
25762,"Bugarama",2021,51,0.8,0.4,0.9,0,-1
25763,"Buhiga",2021,51,0.8,0.4,0.9,0,-1
25764,"Bururi",2021,51,0.8,0.4,0.9,0,-1
25765,"Busoni",2021,51,0.8,0.4,0.9,0,-1
25766,"Butezi",2021,51,0.8,0.4,0.9,0,-1
25767,"Buye",2021,51,0.8,0.4,0.9,0,-1
25768,"Cankuzo",2021,51,0.832,0.416,0.9,0,-1
25769,"Cibitoke",2021,51,0.8,0.4,0.9,0,-1
25770,"Fota",2021,51,0.8,0.4,0.9,0,-1
25771,"Gahombo",2021,51,0.8,0.4,0.9,0,-1
25772,"Gashoho",2021,51,0.8,0.4,0.9,0,-1
25773,"Gihofi",2021,51,0.8,0.4,0.9,0,-1
25774,"Gitega",2021,51,0.8,0.4,0.9,0,-1
25775,"Giteranyi",2021,51,0.841,0.4205,0.9,0,-1
25776,"Isale",2021,51,0.8,0.4,0.9,0,-1
25777,"Kabezi",2021,51,0.8,0.4,0.9,0,-1
25778,"Kayanza",2021,51,0.8,0.4,0.9,0,-1
25779,"Kibumbu",2021,51,0.8,0.4,0.9,0,-1
25780,"Kibuye",2021,51,0.8,0.4,0.9,0,-1
25781,"Kiganda",2021,51,0.8,0.4,0.9,0,-1
25782,"Kinyinya",2021,51,0.8,0.4,0.9,0,-1
25783,"Kiremba",2021,51,0.8,0.4,0.9,0,-1
25784,"Kirundo",2021,51,0.8,0.4,0.9,0,-1
25785,"Mabayi",2021,51,0.8,0.4,0.9,0,-1
25786,"Makamba",2021,51,0.8,0.4,0.9,0,-1
25787,"Matana",2021,51,0.8,0.4,0.9,0,-1
25788,"Mpanda",2021,51,0.8,0.4,0.9,0,-1
25789,"Mukenke",2021,51,0.823,0.4115,0.9,0,-1
25790,"Muramvya",2021,51,0.8,0.4,0.9,0,-1
25791,"Murore",2021,51,0.8,0.4,0.9,0,-1
25792,"Musema",2021,51,0.8,0.4,0.9,0,-1
25793,"Mutaho",2021,51,0.8,0.4,0.9,0,-1
25794,"Muyinga",2021,51,0.8,0.4,0.9,0,-1
25795,"Ngozi",2021,51,0.8,0.4,0.9,0,-1
25796,"Nyabikere",2021,51,0.889,0.4445,0.9,0,-1
25797,"Nyanza-Lac",2021,51,0.8,0.4,0.9,0,-1
25798,"Rumonge",2021,51,0.8,0.4,0.9,0,-1
25799,"Rutana",2021,51,0.8,0.4,0.9,0,-1
25800,"Ruyigi",2021,51,0.8,0.4,0.9,0,-1
25801,"Rwibaga",2021,51,0.8,0.4,0.9,0,-1
25802,"Ryansoro",2021,51,0.8,0.4,0.9,0,-1
25803,"Vumbi",2021,51,0.8,0.4,0.9,0,-1
25804,"Zone Centre",2021,51,0.8,0.4,0.9,0,-1
25805,"Zone Nord",2021,51,0.8,0.4,0.9,0,-1
25806,"Zone Sud",2021,51,0.8,0.4,0.9,0,-1
